FIPS,State,County,PCT_LACCESS_POP15
01001,AL,Autauga,32.06225475
01003,AL,Baldwin,16.76748933
01005,AL,Barbour,22.10556007
01007,AL,Bibb,4.230324421
01009,AL,Blount,6.497380137
01011,AL,Bullock,37.95034236
01013,AL,Butler,6.226804584
01015,AL,Calhoun,23.43385181
01017,AL,Chambers,20.84321414
01019,AL,Cherokee,0.398331982
01021,AL,Chilton,3.368006577
01023,AL,Choctaw,19.50281549
01025,AL,Clarke,22.11483889
01027,AL,Clay,4.613414585
01029,AL,Cleburne,5.27341132
01031,AL,Coffee,20.99400573
01033,AL,Colbert,20.38595264
01035,AL,Conecuh,26.90020744
01037,AL,Coosa,24.51625213
01039,AL,Covington,9.980464049
01041,AL,Crenshaw,37.96178978
01043,AL,Cullman,7.33809691
01045,AL,Dale,27.933713
01047,AL,Dallas,17.43509098
01049,AL,DeKalb,3.768654688
01051,AL,Elmore,18.99596054
01053,AL,Escambia,13.2017417
01055,AL,Etowah,22.30185466
01057,AL,Fayette,2.362895151
01059,AL,Franklin,11.55514048
01061,AL,Geneva,2.259027229
01063,AL,Greene,32.75833067
01065,AL,Hale,11.83084613
01067,AL,Henry,4.655371795
01069,AL,Houston,18.06134011
01071,AL,Jackson,7.926365826
01073,AL,Jefferson,31.23287577
01075,AL,Lamar,1.578911098
01077,AL,Lauderdale,13.45726597
01079,AL,Lawrence,4.799919493
01081,AL,Lee,26.26500879
01083,AL,Limestone,11.28194737
01085,AL,Lowndes,22.4786653
01087,AL,Macon,37.52927142
01089,AL,Madison,26.44597413
01091,AL,Marengo,24.37345136
01093,AL,Marion,6.269273851
01095,AL,Marshall,11.27167399
01097,AL,Mobile,25.12606624
01099,AL,Monroe,24.76001675
01101,AL,Montgomery,28.85411116
01103,AL,Morgan,12.98374724
01105,AL,Perry,8.323571678
01107,AL,Pickens,2.679725717
01109,AL,Pike,13.78612462
01111,AL,Randolph,14.72801232
01113,AL,Russell,11.75865619
01115,AL,St. Clair,5.457203496
01117,AL,Shelby,24.15476247
01119,AL,Sumter,16.74435355
01121,AL,Talladega,13.41384507
01123,AL,Tallapoosa,8.373536279
01125,AL,Tuscaloosa,17.9082999
01127,AL,Walker,11.72531766
01129,AL,Washington,8.411904598
01131,AL,Wilcox,42.82029621
01133,AL,Winston,5.959127003
02013,AK,Aleutians East,70.13690004
02016,AK,Aleutians West,22.35621387
02020,AK,Anchorage,27.42720787
02050,AK,Bethel,67.62395515
02060,AK,Bristol Bay,99.99999981
02068,AK,Denali,100.0000007
02070,AK,Dillingham,50.78418952
02090,AK,Fairbanks North Star,34.44562358
02100,AK,Haines,20.68955887
02105,AK,Hoonah-Angoon,99.39092036
02110,AK,Juneau,32.17481344
02122,AK,Kenai Peninsula,19.65484668
02130,AK,Ketchikan Gateway,7.884536001
02150,AK,Kodiak Island,14.33680995
02164,AK,Lake and Peninsula,99.85810052
02170,AK,Matanuska-Susitna,25.8567957
02180,AK,Nome,55.58372986
02185,AK,North Slope,58.55972802
02188,AK,Northwest Arctic,57.45132179
02195,AK,Petersburg,4.724260753
02198,AK,Prince of Wales-Hyder,31.6386517
02220,AK,Sitka,18.37912129
02230,AK,Skagway,0.309912579
02240,AK,Southeast Fairbanks,47.27677444
02261,AK,Valdez-Cordova,51.99990541
02270,AK,Wade Hampton,61.87156458
02275,AK,Wrangell,21.55442949
02282,AK,Yakutat,100.0000002
02290,AK,Yukon-Koyukuk,99.99999992
04001,AZ,Apache,70.53722718
04003,AZ,Cochise,42.04051833
04005,AZ,Coconino,30.82520863
04007,AZ,Gila,32.55978155
04009,AZ,Graham,37.33063613
04011,AZ,Greenlee,69.87743095
04012,AZ,La Paz,43.17859152
04013,AZ,Maricopa,13.39271425
04015,AZ,Mohave,44.1297479
04017,AZ,Navajo,38.5404481
04019,AZ,Pima,22.2880727
04021,AZ,Pinal,21.49236328
04023,AZ,Santa Cruz,26.53610913
04025,AZ,Yavapai,32.50531242
04027,AZ,Yuma,20.31996108
05001,AR,Arkansas,37.77124277
05003,AR,Ashley,21.20491579
05005,AR,Baxter,11.12429912
05007,AR,Benton,15.60801297
05009,AR,Boone,22.79431121
05011,AR,Bradley,10.7751855
05013,AR,Calhoun,65.0806252
05015,AR,Carroll,7.080343868
05017,AR,Chicot,60.30271666
05019,AR,Clark,40.9795157
05021,AR,Clay,10.23271954
05023,AR,Cleburne,9.017299044
05025,AR,Cleveland,21.16338872
05027,AR,Columbia,17.25672434
05029,AR,Conway,16.70396786
05031,AR,Craighead,16.5436603
05033,AR,Crawford,16.92447903
05035,AR,Crittenden,12.72421654
05037,AR,Cross,13.33571765
05039,AR,Dallas,41.32398319
05041,AR,Desha,35.0513001
05043,AR,Drew,21.55413217
05045,AR,Faulkner,16.69820576
05047,AR,Franklin,6.511249607
05049,AR,Fulton,19.13777729
05051,AR,Garland,28.24126506
05053,AR,Grant,11.86987163
05055,AR,Greene,22.85735487
05057,AR,Hempstead,29.10978336
05059,AR,Hot Spring,15.69095315
05061,AR,Howard,41.16821838
05063,AR,Independence,15.18071304
05065,AR,Izard,1.10121971
05067,AR,Jackson,17.26879469
05069,AR,Jefferson,18.83047884
05071,AR,Johnson,5.883889673
05073,AR,Lafayette,21.13719463
05075,AR,Lawrence,29.99027211
05077,AR,Lee,45.30245189
05079,AR,Lincoln,33.21273075
05081,AR,Little River,14.53866871
05083,AR,Logan,9.26025399
05085,AR,Lonoke,17.95963694
05087,AR,Madison,24.26352701
05089,AR,Marion,13.54336579
05091,AR,Miller,33.4289141
05093,AR,Mississippi,12.613939
05095,AR,Monroe,12.5199122
05097,AR,Montgomery,22.22865979
05099,AR,Nevada,29.25300017
05101,AR,Newton,43.85444144
05103,AR,Ouachita,25.86857331
05105,AR,Perry,14.27234645
05107,AR,Phillips,50.37733644
05109,AR,Pike,23.05731952
05111,AR,Poinsett,34.02403098
05113,AR,Polk,38.42603785
05115,AR,Pope,13.59373527
05117,AR,Prairie,37.02884159
05119,AR,Pulaski,26.60739231
05121,AR,Randolph,32.0700913
05123,AR,St. Francis,27.10820499
05125,AR,Saline,22.3242576
05127,AR,Scott,17.2959815
05129,AR,Searcy,33.64383829
05131,AR,Sebastian,10.27424568
05133,AR,Sevier,23.45916805
05135,AR,Sharp,22.46522539
05137,AR,Stone,25.14050045
05139,AR,Union,26.28267126
05141,AR,Van Buren,10.26268418
05143,AR,Washington,14.54907232
05145,AR,White,12.26314296
05147,AR,Woodruff,5.258680661
05149,AR,Yell,12.87357602
06001,CA,Alameda,7.148677186
06003,CA,Alpine,48.95000781
06005,CA,Amador,14.01342702
06007,CA,Butte,21.18106548
06009,CA,Calaveras,10.04489431
06011,CA,Colusa,8.268281955
06013,CA,Contra Costa,19.10101116
06015,CA,Del Norte,32.03823598
06017,CA,El Dorado,29.10970853
06019,CA,Fresno,9.187422735
06021,CA,Glenn,9.024179136
06023,CA,Humboldt,15.67256704
06025,CA,Imperial,17.54218215
06027,CA,Inyo,41.12828133
06029,CA,Kern,14.54176899
06031,CA,Kings,19.2685065
06033,CA,Lake,18.73846535
06035,CA,Lassen,49.06722119
06037,CA,Los Angeles,6.341282048
06039,CA,Madera,20.86425028
06041,CA,Marin,11.96018156
06043,CA,Mariposa,17.49940749
06045,CA,Mendocino,17.36614874
06047,CA,Merced,15.66793522
06049,CA,Modoc,26.54026206
06051,CA,Mono,49.76696249
06053,CA,Monterey,12.32315888
06055,CA,Napa,10.14021818
06057,CA,Nevada,27.03397685
06059,CA,Orange,6.510167276
06061,CA,Placer,15.56076643
06063,CA,Plumas,8.109559564
06065,CA,Riverside,19.9963938
06067,CA,Sacramento,13.65282818
06069,CA,San Benito,17.66935038
06071,CA,San Bernardino,21.2829837
06073,CA,San Diego,13.70494308
06075,CA,San Francisco,0.555577206
06077,CA,San Joaquin,12.64942984
06079,CA,San Luis Obispo,15.67889454
06081,CA,San Mateo,9.671995349
06083,CA,Santa Barbara,13.58769679
06085,CA,Santa Clara,7.460991664
06087,CA,Santa Cruz,14.04882604
06089,CA,Shasta,23.28994272
06091,CA,Sierra,88.36656568
06093,CA,Siskiyou,19.7989239
06095,CA,Solano,17.5008336
06097,CA,Sonoma,15.43648065
06099,CA,Stanislaus,11.74443275
06101,CA,Sutter,33.30996253
06103,CA,Tehama,20.08141231
06105,CA,Trinity,17.33823463
06107,CA,Tulare,13.49685752
06109,CA,Tuolumne,29.09442738
06111,CA,Ventura,15.88902749
06113,CA,Yolo,6.162067794
06115,CA,Yuba,20.78084472
08001,CO,Adams,15.14838311
08003,CO,Alamosa,5.925453148
08005,CO,Arapahoe,12.14708199
08007,CO,Archuleta,29.79892049
08009,CO,Baca,25.21711998
08011,CO,Bent,25.86261095
08013,CO,Boulder,14.64769627
08014,CO,Broomfield,29.78500272
08015,CO,Chaffee,10.01079285
08017,CO,Cheyenne,33.85905532
08019,CO,Clear Creek,13.8931379
08021,CO,Conejos,5.617444267
08023,CO,Costilla,99.94345096
08025,CO,Crowley,7.890863162
08027,CO,Custer,25.88572118
08029,CO,Delta,8.440082654
08031,CO,Denver,9.210319708
08033,CO,Dolores,99.99999977
08035,CO,Douglas,19.15518586
08037,CO,Eagle,15.43756575
08039,CO,Elbert,25.92968029
08041,CO,El Paso,27.05826755
08043,CO,Fremont,34.52896106
08045,CO,Garfield,15.31016101
08047,CO,Gilpin,0
08049,CO,Grand,2.842612592
08051,CO,Gunnison,12.00007854
08053,CO,Hinsdale,11.775975
08055,CO,Huerfano,36.65351702
08057,CO,Jackson,27.42001912
08059,CO,Jefferson,22.75838034
08061,CO,Kiowa,100.0000003
08063,CO,Kit Carson,11.13720021
08065,CO,Lake,19.9152718
08067,CO,La Plata,14.31257785
08069,CO,Larimer,18.899331
08071,CO,Las Animas,39.8644298
08073,CO,Lincoln,22.80138438
08075,CO,Logan,19.54169453
08077,CO,Mesa,31.4567894
08079,CO,Mineral,12.79665824
08081,CO,Moffat,23.41601437
08083,CO,Montezuma,16.43290688
08085,CO,Montrose,20.51166797
08087,CO,Morgan,11.98231255
08089,CO,Otero,29.62060156
08091,CO,Ouray,6.164991947
08093,CO,Park,53.86319785
08095,CO,Phillips,4.713433348
08097,CO,Pitkin,9.146741607
08099,CO,Prowers,23.8819325
08101,CO,Pueblo,36.87579372
08103,CO,Rio Blanco,8.584267208
08105,CO,Rio Grande,12.18745358
08107,CO,Routt,22.34942416
08109,CO,Saguache,20.22692749
08111,CO,San Juan,99.24281023
08113,CO,San Miguel,9.766182884
08115,CO,Sedgwick,18.56662012
08117,CO,Summit,18.48540752
08119,CO,Teller,12.86382228
08121,CO,Washington,51.62086852
08123,CO,Weld,14.67368473
08125,CO,Yuma,22.9069798
09001,CT,Fairfield,29.31496253
09003,CT,Hartford,28.9916047
09005,CT,Litchfield,18.24762343
09007,CT,Middlesex,31.4603373
09009,CT,New Haven,28.74941769
09011,CT,New London,36.13418052
09013,CT,Tolland,34.93115186
09015,CT,Windham,15.88173585
10001,DE,Kent,15.75591975
10003,DE,New Castle,22.68680661
10005,DE,Sussex,14.02476794
11001,DC,District of Columbia,2.108657988
12001,FL,Alachua,15.2279375
12003,FL,Baker,33.12709885
12005,FL,Bay,33.34783129
12007,FL,Bradford,5.538860164
12009,FL,Brevard,40.24870643
12011,FL,Broward,9.066690835
12013,FL,Calhoun,18.02309166
12015,FL,Charlotte,41.81416901
12017,FL,Citrus,31.07298495
12019,FL,Clay,24.35037297
12021,FL,Collier,28.17763944
12023,FL,Columbia,16.4038991
12027,FL,DeSoto,9.909859565
12029,FL,Dixie,9.038399958
12031,FL,Duval,24.71866203
12033,FL,Escambia,36.49704036
12035,FL,Flagler,34.52730048
12037,FL,Franklin,2.488829933
12039,FL,Gadsden,8.560033479
12041,FL,Gilchrist,0.443006613
12043,FL,Glades,56.90396861
12045,FL,Gulf,18.73744314
12047,FL,Hamilton,22.07153521
12049,FL,Hardee,35.29567425
12051,FL,Hendry,24.63174741
12053,FL,Hernando,36.0515991
12055,FL,Highlands,33.15960245
12057,FL,Hillsborough,24.43172113
12059,FL,Holmes,15.72389873
12061,FL,Indian River,37.17288574
12063,FL,Jackson,5.478568352
12065,FL,Jefferson,16.25782084
12067,FL,Lafayette,6.359608953
12069,FL,Lake,27.5003404
12071,FL,Lee,25.68755092
12073,FL,Leon,28.97913396
12075,FL,Levy,7.98576947
12077,FL,Liberty,25.85979696
12079,FL,Madison,21.08245762
12081,FL,Manatee,21.74650531
12083,FL,Marion,27.29383513
12085,FL,Martin,30.33266806
12086,FL,Miami-Dade,5.334857094
12087,FL,Monroe,27.98934751
12089,FL,Nassau,24.22885392
12091,FL,Okaloosa,34.71518274
12093,FL,Okeechobee,47.83019433
12095,FL,Orange,18.63833165
12097,FL,Osceola,21.41985606
12099,FL,Palm Beach,17.17255862
12101,FL,Pasco,23.62443324
12103,FL,Pinellas,14.32289166
12105,FL,Polk,32.8693027
12107,FL,Putnam,24.06270286
12109,FL,St. Johns,25.38910909
12111,FL,St. Lucie,36.86657124
12113,FL,Santa Rosa,41.0221818
12115,FL,Sarasota,26.56712513
12117,FL,Seminole,27.44180081
12119,FL,Sumter,12.54735766
12121,FL,Suwannee,17.02313784
12123,FL,Taylor,28.86027821
12125,FL,Union,23.16919951
12127,FL,Volusia,34.58419036
12129,FL,Wakulla,1.259731886
12131,FL,Walton,12.68503037
12133,FL,Washington,41.33119451
13001,GA,Appling,20.13204572
13003,GA,Atkinson,22.92058526
13005,GA,Bacon,12.34435261
13007,GA,Baker,75.83069011
13009,GA,Baldwin,16.59503664
13011,GA,Banks,3.665769136
13013,GA,Barrow,12.96766033
13015,GA,Bartow,32.47930871
13017,GA,Ben Hill,22.96905545
13019,GA,Berrien,19.30431185
13021,GA,Bibb,24.70198509
13023,GA,Bleckley,6.947878264
13025,GA,Brantley,4.339335089
13027,GA,Brooks,8.342279466
13029,GA,Bryan,25.76938561
13031,GA,Bulloch,6.371609971
13033,GA,Burke,7.545571147
13035,GA,Butts,4.736413192
13037,GA,Calhoun,13.75553386
13039,GA,Camden,43.80764443
13043,GA,Candler,3.52595857
13045,GA,Carroll,21.90328522
13047,GA,Catoosa,34.86528093
13049,GA,Charlton,18.13230619
13051,GA,Chatham,22.10819375
13053,GA,Chattahoochee,96.77834038
13055,GA,Chattooga,5.073589452
13057,GA,Cherokee,29.69589288
13059,GA,Clarke,34.70410861
13061,GA,Clay,74.00106872
13063,GA,Clayton,38.24311592
13065,GA,Clinch,10.07168677
13067,GA,Cobb,39.03801806
13069,GA,Coffee,15.6530555
13071,GA,Colquitt,17.4501522
13073,GA,Columbia,17.73272443
13075,GA,Cook,12.8899219
13077,GA,Coweta,25.25225615
13079,GA,Crawford,0.65520369
13081,GA,Crisp,8.406314463
13083,GA,Dade,5.465098698
13085,GA,Dawson,0.541974198
13087,GA,Decatur,13.31460937
13089,GA,DeKalb,24.2935273
13091,GA,Dodge,2.733920724
13093,GA,Dooly,1.674792461
13095,GA,Dougherty,39.07319648
13097,GA,Douglas,32.21611149
13099,GA,Early,10.11662572
13101,GA,Echols,4.816652276
13103,GA,Effingham,13.34337148
13105,GA,Elbert,23.14060286
13107,GA,Emanuel,26.22100414
13109,GA,Evans,7.892610612
13111,GA,Fannin,1.108004856
13113,GA,Fayette,33.34738013
13115,GA,Floyd,20.41805014
13117,GA,Forsyth,26.50110965
13119,GA,Franklin,0.89544392
13121,GA,Fulton,23.46050518
13123,GA,Gilmer,6.21500467
13125,GA,Glascock,69.66612432
13127,GA,Glynn,26.46831236
13129,GA,Gordon,14.84425503
13131,GA,Grady,10.82809505
13133,GA,Greene,3.756183053
13135,GA,Gwinnett,29.59735914
13137,GA,Habersham,18.03934441
13139,GA,Hall,26.97338226
13141,GA,Hancock,22.92721927
13143,GA,Haralson,5.184265872
13145,GA,Harris,0.6184571
13147,GA,Hart,12.18475551
13149,GA,Heard,6.399612826
13151,GA,Henry,33.28365569
13153,GA,Houston,37.02280549
13155,GA,Irwin,7.444502137
13157,GA,Jackson,4.309977763
13159,GA,Jasper,22.77265949
13161,GA,Jeff Davis,12.23680268
13163,GA,Jefferson,3.642429136
13165,GA,Jenkins,4.088378246
13167,GA,Johnson,8.875248962
13169,GA,Jones,7.434348473
13171,GA,Lamar,6.354509133
13173,GA,Lanier,3.962239851
13175,GA,Laurens,9.889551912
13177,GA,Lee,15.18821679
13179,GA,Liberty,42.58842373
13181,GA,Lincoln,4.48387828
13183,GA,Long,10.52594813
13185,GA,Lowndes,24.62406026
13187,GA,Lumpkin,1.176436741
13189,GA,McDuffie,8.797303574
13191,GA,McIntosh,8.45359909
13193,GA,Macon,17.16963109
13195,GA,Madison,2.895644545
13197,GA,Marion,0.05590747
13199,GA,Meriwether,4.459599561
13201,GA,Miller,3.118873714
13205,GA,Mitchell,12.73155324
13207,GA,Monroe,8.711837385
13209,GA,Montgomery,13.40201973
13211,GA,Morgan,16.93292318
13213,GA,Murray,13.54245349
13215,GA,Muscogee,28.51778245
13217,GA,Newton,25.33239487
13219,GA,Oconee,30.37197363
13221,GA,Oglethorpe,4.330564743
13223,GA,Paulding,24.67216908
13225,GA,Peach,19.37555335
13227,GA,Pickens,5.62094409
13229,GA,Pierce,11.76084414
13231,GA,Pike,0.028419648
13233,GA,Polk,11.80109092
13235,GA,Pulaski,10.09267011
13237,GA,Putnam,3.004420304
13239,GA,Quitman,34.95913162
13241,GA,Rabun,0.589922064
13243,GA,Randolph,24.04714465
13245,GA,Richmond,39.35568923
13247,GA,Rockdale,41.10812834
13249,GA,Schley,0.554005852
13251,GA,Screven,20.72087314
13253,GA,Seminole,5.610586278
13255,GA,Spalding,15.62514384
13257,GA,Stephens,13.29195994
13259,GA,Stewart,9.823710433
13261,GA,Sumter,21.52335987
13263,GA,Talbot,22.02915403
13265,GA,Taliaferro,68.28300176
13267,GA,Tattnall,3.912004736
13269,GA,Taylor,4.607214831
13271,GA,Telfair,2.29981566
13273,GA,Terrell,6.758959778
13275,GA,Thomas,27.36685378
13277,GA,Tift,8.592865096
13279,GA,Toombs,18.12002536
13281,GA,Towns,0.013524981
13283,GA,Treutlen,5.728189003
13285,GA,Troup,16.22963321
13287,GA,Turner,5.91096421
13289,GA,Twiggs,0.165594415
13291,GA,Union,1.389357809
13293,GA,Upson,25.04569772
13295,GA,Walker,25.49560981
13297,GA,Walton,16.88145165
13299,GA,Ware,39.25201802
13301,GA,Warren,2.087917755
13303,GA,Washington,25.15138488
13305,GA,Wayne,28.68140622
13307,GA,Webster,1.784478144
13309,GA,Wheeler,4.936835782
13313,GA,Whitfield,22.63208931
13315,GA,Wilcox,0.786683208
13317,GA,Wilkes,18.53864192
13319,GA,Wilkinson,21.71679477
13321,GA,Worth,7.841309275
15001,HI,Hawaii,38.97750499
15003,HI,Honolulu,23.12878292
15005,HI,Kalawao,0
15007,HI,Kauai,39.20858911
15009,HI,Maui,29.75457135
16001,ID,Ada,17.17356616
16003,ID,Adams,10.669243
16005,ID,Bannock,28.82256379
16007,ID,Bear Lake,25.87994814
16009,ID,Benewah,25.76901545
16011,ID,Bingham,20.4421461
16013,ID,Blaine,28.420783
16015,ID,Boise,63.72571563
16017,ID,Bonner,20.04429764
16019,ID,Bonneville,23.12215314
16021,ID,Boundary,14.56968487
16023,ID,Butte,21.39305464
16025,ID,Camas,99.99999944
16027,ID,Canyon,19.31212827
16029,ID,Caribou,31.45379007
16031,ID,Cassia,28.53455348
16033,ID,Clark,100.0000006
16035,ID,Clearwater,17.64034148
16037,ID,Custer,42.98642117
16039,ID,Elmore,32.22324991
16041,ID,Franklin,7.161530521
16043,ID,Fremont,12.33883368
16045,ID,Gem,30.26095138
16047,ID,Gooding,1.063607848
16049,ID,Idaho,34.32711395
16051,ID,Jefferson,11.69911983
16053,ID,Jerome,21.91358391
16055,ID,Kootenai,24.59938618
16057,ID,Latah,11.82019534
16059,ID,Lemhi,36.86499265
16061,ID,Lewis,48.48661575
16063,ID,Lincoln,97.42763043
16065,ID,Madison,18.90599852
16067,ID,Minidoka,17.60423291
16069,ID,Nez Perce,18.0592906
16071,ID,Oneida,11.45665768
16073,ID,Owyhee,18.74556138
16075,ID,Payette,23.89951534
16077,ID,Power,13.88168606
16079,ID,Shoshone,8.959027773
16081,ID,Teton,8.907499723
16083,ID,Twin Falls,6.205942767
16085,ID,Valley,18.61462494
16087,ID,Washington,20.91342558
17001,IL,Adams,15.41878121
17003,IL,Alexander,21.21933856
17005,IL,Bond,7.212030348
17007,IL,Boone,21.06437327
17009,IL,Brown,23.96799448
17011,IL,Bureau,35.76844743
17013,IL,Calhoun,11.34807162
17015,IL,Carroll,18.72604886
17017,IL,Cass,11.2013936
17019,IL,Champaign,15.77293879
17021,IL,Christian,11.02554784
17023,IL,Clark,8.75892972
17025,IL,Clay,15.58998421
17027,IL,Clinton,15.17154384
17029,IL,Coles,15.37545209
17031,IL,Cook,7.194721403
17033,IL,Crawford,14.8784036
17037,IL,DeKalb,28.31506194
17039,IL,De Witt,3.943839188
17041,IL,Douglas,9.865965972
17043,IL,DuPage,23.58672077
17045,IL,Edgar,35.98344093
17047,IL,Edwards,18.49959986
17049,IL,Effingham,17.14316886
17051,IL,Fayette,34.59701182
17053,IL,Ford,18.39287479
17055,IL,Franklin,10.7227956
17057,IL,Fulton,17.0016241
17059,IL,Gallatin,75.23049582
17061,IL,Greene,11.92694913
17063,IL,Grundy,18.59072647
17065,IL,Hamilton,14.11400245
17067,IL,Hancock,38.44182571
17069,IL,Hardin,16.5443611
17071,IL,Henderson,1.358487781
17073,IL,Henry,18.50815334
17075,IL,Iroquois,21.85715374
17077,IL,Jackson,21.99840575
17079,IL,Jasper,14.94266102
17081,IL,Jefferson,22.01518014
17083,IL,Jersey,15.65233166
17085,IL,Jo Daviess,19.94055632
17087,IL,Johnson,21.11929666
17089,IL,Kane,18.48856118
17091,IL,Kankakee,12.75300929
17093,IL,Kendall,15.66282905
17095,IL,Knox,17.97079579
17097,IL,Lake,35.26383711
17099,IL,LaSalle,20.70865476
17101,IL,Lawrence,14.2191098
17103,IL,Lee,10.86749296
17105,IL,Livingston,8.448001844
17107,IL,Logan,36.44458503
17109,IL,McDonough,12.66810471
17111,IL,McHenry,43.17121436
17113,IL,McLean,27.41969734
17115,IL,Macon,26.91715147
17117,IL,Macoupin,16.11736011
17119,IL,Madison,35.8125532
17121,IL,Marion,27.25698339
17123,IL,Marshall,18.51919514
17125,IL,Mason,31.11233655
17127,IL,Massac,9.884215735
17129,IL,Menard,2.761661269
17131,IL,Mercer,18.0579302
17133,IL,Monroe,29.23656601
17135,IL,Montgomery,23.67059786
17137,IL,Morgan,32.30474333
17139,IL,Moultrie,3.021704979
17141,IL,Ogle,17.58797134
17143,IL,Peoria,25.50342065
17145,IL,Perry,21.45420316
17147,IL,Piatt,3.031813251
17149,IL,Pike,18.44201183
17151,IL,Pope,24.20346569
17153,IL,Pulaski,20.84293692
17155,IL,Putnam,10.92009169
17157,IL,Randolph,11.45849642
17159,IL,Richland,5.787274758
17161,IL,Rock Island,17.69473007
17163,IL,St. Clair,33.64078061
17165,IL,Saline,39.04778872
17167,IL,Sangamon,24.25141186
17169,IL,Schuyler,14.14591089
17171,IL,Scott,4.160859579
17173,IL,Shelby,24.29915035
17175,IL,Stark,30.02026271
17177,IL,Stephenson,7.447060444
17179,IL,Tazewell,43.12429892
17181,IL,Union,13.26502859
17183,IL,Vermilion,14.54329174
17185,IL,Wabash,8.560870582
17187,IL,Warren,6.649266934
17189,IL,Washington,11.0622995
17191,IL,Wayne,20.04045519
17193,IL,White,29.23662884
17195,IL,Whiteside,22.31151412
17197,IL,Will,32.13050392
17199,IL,Williamson,14.45837796
17201,IL,Winnebago,25.84869674
17203,IL,Woodford,11.73007753
18001,IN,Adams,8.645048653
18003,IN,Allen,30.36175736
18005,IN,Bartholomew,27.30378353
18007,IN,Benton,1.586147089
18009,IN,Blackford,2.122043971
18011,IN,Boone,11.91768501
18013,IN,Brown,3.077083204
18015,IN,Carroll,4.532992154
18017,IN,Cass,4.017449251
18019,IN,Clark,21.93505957
18021,IN,Clay,3.97718323
18023,IN,Clinton,1.867995271
18025,IN,Crawford,14.56921955
18027,IN,Daviess,9.602525523
18029,IN,Dearborn,26.38594109
18031,IN,Decatur,15.27376404
18033,IN,DeKalb,21.45278568
18035,IN,Delaware,25.52748542
18037,IN,Dubois,5.756478552
18039,IN,Elkhart,20.40636331
18041,IN,Fayette,21.42867736
18043,IN,Floyd,29.45992608
18045,IN,Fountain,18.70315825
18047,IN,Franklin,9.07307697
18049,IN,Fulton,12.9052196
18051,IN,Gibson,3.860621686
18053,IN,Grant,17.95437762
18055,IN,Greene,11.94169699
18057,IN,Hamilton,31.86530235
18059,IN,Hancock,29.28121136
18061,IN,Harrison,4.737208003
18063,IN,Hendricks,27.18561397
18065,IN,Henry,3.692386759
18067,IN,Howard,26.84962908
18069,IN,Huntington,22.21052548
18071,IN,Jackson,15.62594669
18073,IN,Jasper,9.130084719
18075,IN,Jay,19.39688454
18077,IN,Jefferson,16.59037632
18079,IN,Jennings,28.04520283
18081,IN,Johnson,28.66137126
18083,IN,Knox,27.41040285
18085,IN,Kosciusko,18.2801144
18087,IN,LaGrange,0.159010919
18089,IN,Lake,29.77974254
18091,IN,LaPorte,25.45768862
18093,IN,Lawrence,9.473856576
18095,IN,Madison,26.10795281
18097,IN,Marion,24.24301532
18099,IN,Marshall,15.17402833
18101,IN,Martin,2.668389003
18103,IN,Miami,19.750419
18105,IN,Monroe,14.56989087
18107,IN,Montgomery,14.45573114
18109,IN,Morgan,14.56522914
18111,IN,Newton,15.9157122
18113,IN,Noble,5.723952278
18117,IN,Orange,10.41707874
18119,IN,Owen,0.797206609
18121,IN,Parke,12.39892405
18123,IN,Perry,30.90357384
18125,IN,Pike,7.711308212
18127,IN,Porter,31.88874083
18129,IN,Posey,22.02324056
18131,IN,Pulaski,2.646869846
18133,IN,Putnam,4.740978335
18135,IN,Randolph,14.34828084
18137,IN,Ripley,2.546396886
18139,IN,Rush,3.280470453
18141,IN,St. Joseph,31.24738986
18143,IN,Scott,3.436512399
18145,IN,Shelby,13.38797984
18147,IN,Spencer,0.010001509
18149,IN,Starke,5.582463944
18151,IN,Steuben,18.77526088
18153,IN,Sullivan,4.854096275
18155,IN,Switzerland,4.594595828
18157,IN,Tippecanoe,18.66746137
18159,IN,Tipton,11.790543
18163,IN,Vanderburgh,19.96911684
18165,IN,Vermillion,12.78068609
18167,IN,Vigo,33.93488613
18169,IN,Wabash,10.47159378
18171,IN,Warren,4.737309206
18173,IN,Warrick,29.64171673
18175,IN,Washington,9.600848724
18177,IN,Wayne,14.50253104
18179,IN,Wells,9.204469136
18181,IN,White,15.67980192
18183,IN,Whitley,5.070132033
19001,IA,Adair,6.375785631
19003,IA,Adams,6.422805721
19005,IA,Allamakee,8.128616843
19007,IA,Appanoose,12.48712088
19009,IA,Audubon,7.554671538
19011,IA,Benton,13.67411113
19013,IA,Black Hawk,29.04271465
19015,IA,Boone,11.72060271
19017,IA,Bremer,9.135243912
19019,IA,Buchanan,19.75663961
19021,IA,Buena Vista,9.535049222
19023,IA,Butler,44.79580995
19025,IA,Calhoun,2.735491197
19027,IA,Carroll,4.994236821
19029,IA,Cass,25.49221679
19031,IA,Cedar,20.1340462
19033,IA,Cerro Gordo,16.5549346
19035,IA,Cherokee,7.750899098
19037,IA,Chickasaw,15.07854029
19039,IA,Clarke,7.917829197
19041,IA,Clay,10.48997432
19043,IA,Clayton,3.471785679
19045,IA,Clinton,20.89009633
19047,IA,Crawford,26.53520317
19049,IA,Dallas,5.309258677
19051,IA,Davis,10.91892743
19053,IA,Decatur,9.852791409
19055,IA,Delaware,8.762064688
19057,IA,Des Moines,28.13875407
19059,IA,Dickinson,19.89870344
19061,IA,Dubuque,19.59538545
19063,IA,Emmet,27.72065903
19065,IA,Fayette,5.446921809
19067,IA,Floyd,18.56478618
19069,IA,Franklin,17.11218808
19071,IA,Fremont,75.46749173
19073,IA,Greene,13.11690229
19075,IA,Grundy,11.11263618
19077,IA,Guthrie,11.27059976
19079,IA,Hamilton,18.02041239
19081,IA,Hancock,12.56334544
19083,IA,Hardin,14.49990567
19085,IA,Harrison,17.80543887
19087,IA,Henry,30.57730924
19089,IA,Howard,36.84791692
19091,IA,Humboldt,14.85507819
19093,IA,Ida,1.061505975
19095,IA,Iowa,15.84057655
19097,IA,Jackson,22.92096321
19099,IA,Jasper,16.73780691
19101,IA,Jefferson,12.2667167
19103,IA,Johnson,15.42027831
19105,IA,Jones,16.11997926
19107,IA,Keokuk,25.41497764
19109,IA,Kossuth,53.25479074
19111,IA,Lee,19.76387806
19113,IA,Linn,24.81828978
19115,IA,Louisa,1.139075448
19117,IA,Lucas,21.66354003
19119,IA,Lyon,11.21691582
19121,IA,Madison,16.45051045
19123,IA,Mahaska,22.94849961
19125,IA,Marion,12.93898073
19127,IA,Marshall,21.36413077
19129,IA,Mills,10.38998167
19131,IA,Mitchell,20.62384244
19133,IA,Monona,15.13901044
19135,IA,Monroe,24.94237008
19137,IA,Montgomery,20.00175521
19139,IA,Muscatine,20.25333399
19141,IA,O'Brien,28.33728364
19143,IA,Osceola,18.48569949
19145,IA,Page,23.85096972
19147,IA,Palo Alto,21.81057832
19149,IA,Plymouth,2.991903661
19151,IA,Pocahontas,18.13975398
19153,IA,Polk,14.98491903
19155,IA,Pottawattamie,34.49313949
19157,IA,Poweshiek,18.94014874
19159,IA,Ringgold,10.91896512
19161,IA,Sac,36.09348045
19163,IA,Scott,10.99728718
19165,IA,Shelby,26.15210325
19167,IA,Sioux,4.244419667
19169,IA,Story,19.98304366
19171,IA,Tama,17.06959657
19173,IA,Taylor,4.241950315
19175,IA,Union,19.53210374
19177,IA,Van Buren,52.11640905
19179,IA,Wapello,44.21464447
19181,IA,Warren,14.15868722
19183,IA,Washington,6.876041445
19185,IA,Wayne,39.98677933
19187,IA,Webster,23.2817151
19189,IA,Winnebago,17.64848727
19191,IA,Winneshiek,12.3043678
19193,IA,Woodbury,25.79036598
19195,IA,Worth,8.149160094
19197,IA,Wright,6.724004543
20001,KS,Allen,39.96050759
20003,KS,Anderson,22.31824335
20005,KS,Atchison,16.01659175
20007,KS,Barber,11.20178937
20009,KS,Barton,23.0248572
20011,KS,Bourbon,20.79649759
20013,KS,Brown,8.067382655
20015,KS,Butler,26.36003388
20017,KS,Chase,93.74360548
20019,KS,Chautauqua,36.63934541
20021,KS,Cherokee,12.40415851
20023,KS,Cheyenne,9.556638055
20025,KS,Clark,99.99999976
20027,KS,Clay,26.48671775
20029,KS,Cloud,33.77953347
20031,KS,Coffey,38.84835448
20033,KS,Comanche,17.82066213
20035,KS,Cowley,31.45237724
20037,KS,Crawford,29.6284363
20039,KS,Decatur,27.8696523
20041,KS,Dickinson,8.056198746
20043,KS,Doniphan,61.50697034
20045,KS,Douglas,13.64477316
20047,KS,Edwards,15.99934597
20049,KS,Elk,99.35701109
20051,KS,Ellis,14.43307
20053,KS,Ellsworth,30.50288428
20055,KS,Finney,19.41573163
20057,KS,Ford,20.94083701
20059,KS,Franklin,47.0440382
20061,KS,Geary,36.72571229
20063,KS,Gove,41.51050537
20065,KS,Graham,21.62417851
20067,KS,Grant,9.484501346
20069,KS,Gray,45.41797466
20071,KS,Greeley,99.99999991
20073,KS,Greenwood,46.44483489
20075,KS,Hamilton,100
20077,KS,Harper,25.95120504
20079,KS,Harvey,14.64000582
20081,KS,Haskell,100
20083,KS,Hodgeman,31.9245238
20085,KS,Jackson,13.36724393
20087,KS,Jefferson,0.856351096
20089,KS,Jewell,26.84485255
20091,KS,Johnson,17.29923408
20093,KS,Kearny,100
20095,KS,Kingman,33.95673754
20097,KS,Kiowa,99.65433865
20099,KS,Labette,19.5328406
20101,KS,Lane,22.28507555
20103,KS,Leavenworth,30.87112514
20105,KS,Lincoln,31.5091307
20107,KS,Linn,13.99433441
20109,KS,Logan,18.23510167
20111,KS,Lyon,17.14655577
20113,KS,McPherson,25.66684569
20115,KS,Marion,22.84342918
20117,KS,Marshall,13.89392085
20119,KS,Meade,50.7163015
20121,KS,Miami,7.642322759
20123,KS,Mitchell,20.22197452
20125,KS,Montgomery,23.90300959
20127,KS,Morris,32.959461
20129,KS,Morton,26.13531971
20131,KS,Nemaha,13.90659394
20133,KS,Neosho,6.426940723
20135,KS,Ness,26.82389534
20137,KS,Norton,35.42352734
20139,KS,Osage,12.52107617
20141,KS,Osborne,23.11450975
20143,KS,Ottawa,28.49584073
20145,KS,Pawnee,16.9257322
20147,KS,Phillips,35.35194228
20149,KS,Pottawatomie,2.672780648
20151,KS,Pratt,23.15645277
20153,KS,Rawlins,28.38696095
20155,KS,Reno,23.81228215
20157,KS,Republic,25.59245798
20159,KS,Rice,18.74799082
20161,KS,Riley,42.48157273
20163,KS,Rooks,14.48004512
20165,KS,Rush,21.15093038
20167,KS,Russell,24.85822623
20169,KS,Saline,18.74145646
20171,KS,Scott,11.5436918
20173,KS,Sedgwick,27.2183006
20175,KS,Seward,5.358191199
20177,KS,Shawnee,24.35548903
20179,KS,Sheridan,32.08693504
20181,KS,Sherman,71.58454725
20183,KS,Smith,37.37019274
20185,KS,Stafford,30.52040768
20187,KS,Stanton,10.54221346
20189,KS,Stevens,16.52434796
20191,KS,Sumner,29.01739462
20193,KS,Thomas,47.03082918
20195,KS,Trego,7.159332871
20197,KS,Wabaunsee,41.78249507
20199,KS,Wallace,100.0000003
20201,KS,Washington,50.16777777
20203,KS,Wichita,99.99999993
20205,KS,Wilson,12.1859731
20207,KS,Woodson,18.54035614
20209,KS,Wyandotte,26.57325867
21001,KY,Adair,9.259422345
21003,KY,Allen,0.973505964
21005,KY,Anderson,21.35771594
21007,KY,Ballard,5.048864926
21009,KY,Barren,7.211021806
21011,KY,Bath,0.119968257
21013,KY,Bell,17.39368826
21015,KY,Boone,34.99193769
21017,KY,Bourbon,15.72326654
21019,KY,Boyd,21.56550906
21021,KY,Boyle,27.30954114
21023,KY,Bracken,0.563983642
21025,KY,Breathitt,14.90282299
21027,KY,Breckinridge,9.023191821
21029,KY,Bullitt,32.62574816
21031,KY,Butler,8.125408696
21033,KY,Caldwell,11.00680302
21035,KY,Calloway,14.77036487
21037,KY,Campbell,30.39513197
21039,KY,Carlisle,2.262358209
21041,KY,Carroll,37.83275399
21043,KY,Carter,5.515168476
21045,KY,Casey,4.409284138
21047,KY,Christian,25.60778206
21049,KY,Clark,10.30666221
21051,KY,Clay,9.155988185
21053,KY,Clinton,0.104137922
21055,KY,Crittenden,2.894907236
21057,KY,Cumberland,1.612948885
21059,KY,Daviess,16.48165798
21061,KY,Edmonson,2.522694931
21063,KY,Elliott,0.057716354
21065,KY,Estill,9.143203398
21067,KY,Fayette,15.86925571
21069,KY,Fleming,5.843892727
21071,KY,Floyd,4.944933702
21073,KY,Franklin,14.82217614
21075,KY,Fulton,0.105518432
21079,KY,Garrard,0.722523383
21081,KY,Grant,18.26190671
21083,KY,Graves,9.626165746
21085,KY,Grayson,22.67229327
21087,KY,Green,11.14353445
21089,KY,Greenup,23.44438452
21091,KY,Hancock,3.168115333
21093,KY,Hardin,27.41954443
21095,KY,Harlan,19.53620408
21097,KY,Harrison,5.034656435
21099,KY,Hart,9.363406408
21101,KY,Henderson,9.694356188
21103,KY,Henry,2.081989818
21105,KY,Hickman,0
21107,KY,Hopkins,23.23100972
21109,KY,Jackson,0.176731455
21111,KY,Jefferson,16.12321276
21113,KY,Jessamine,15.86340644
21115,KY,Johnson,16.75670108
21117,KY,Kenton,31.07931087
21119,KY,Knott,0.847772993
21121,KY,Knox,8.592139517
21123,KY,Larue,1.346809524
21125,KY,Laurel,9.355611216
21127,KY,Lawrence,15.79058829
21129,KY,Lee,0.023151912
21131,KY,Leslie,3.101928397
21135,KY,Lewis,1.157949057
21137,KY,Lincoln,17.62075127
21139,KY,Livingston,14.96892222
21141,KY,Logan,15.20491504
21143,KY,Lyon,3.129170913
21145,KY,McCracken,24.19128902
21147,KY,McCreary,1.964692989
21149,KY,McLean,0.523390943
21151,KY,Madison,22.01593329
21153,KY,Magoffin,1.73800976
21155,KY,Marion,1.55964413
21157,KY,Marshall,3.36870533
21159,KY,Martin,0.039080873
21161,KY,Mason,16.58805679
21163,KY,Meade,14.14651502
21165,KY,Menifee,1.495962513
21167,KY,Mercer,22.11440431
21169,KY,Metcalfe,0.780070485
21171,KY,Monroe,3.478096105
21173,KY,Montgomery,11.38887236
21175,KY,Morgan,15.39807815
21177,KY,Muhlenberg,5.060641616
21179,KY,Nelson,12.81395031
21181,KY,Nicholas,0.52179664
21183,KY,Ohio,17.41528323
21185,KY,Oldham,40.20340154
21187,KY,Owen,10.15657906
21189,KY,Owsley,0.701890759
21191,KY,Pendleton,0.781372011
21193,KY,Perry,2.442596297
21195,KY,Pike,1.511325571
21197,KY,Powell,3.065554669
21199,KY,Pulaski,17.50105669
21201,KY,Robertson,70.67783878
21203,KY,Rockcastle,1.608586135
21205,KY,Rowan,8.57255487
21207,KY,Russell,1.019683891
21209,KY,Scott,27.77816119
21211,KY,Shelby,10.61980712
21213,KY,Simpson,13.081766
21217,KY,Taylor,16.74147088
21219,KY,Todd,0.47552418
21221,KY,Trigg,12.91364232
21223,KY,Trimble,5.848666724
21225,KY,Union,6.46755557
21227,KY,Warren,12.52311601
21229,KY,Washington,17.24864811
21231,KY,Wayne,12.45831572
21233,KY,Webster,3.180913429
21235,KY,Whitley,12.61485623
21237,KY,Wolfe,1.695333321
21239,KY,Woodford,34.06489509
22001,LA,Acadia,1.759924293
22003,LA,Allen,27.9392746
22005,LA,Ascension,31.46456901
22007,LA,Assumption,38.87313789
22009,LA,Avoyelles,18.98004765
22011,LA,Beauregard,35.23607652
22013,LA,Bienville,28.798552
22015,LA,Bossier,22.49516597
22017,LA,Caddo,32.52371914
22019,LA,Calcasieu,21.79936814
22021,LA,Caldwell,9.489005226
22023,LA,Cameron,25.54861084
22025,LA,Catahoula,23.90575333
22027,LA,Claiborne,11.84461774
22029,LA,Concordia,27.30953088
22031,LA,De Soto,23.98103999
22033,LA,East Baton Rouge,26.24043085
22035,LA,East Carroll,20.13311616
22037,LA,East Feliciana,10.34838181
22039,LA,Evangeline,26.32114743
22041,LA,Franklin,10.06828501
22043,LA,Grant,19.49109333
22045,LA,Iberia,19.29529954
22047,LA,Iberville,15.96949392
22049,LA,Jackson,22.94566655
22051,LA,Jefferson,11.93468191
22053,LA,Jefferson Davis,7.077425961
22055,LA,Lafayette,22.92043153
22057,LA,Lafourche,25.98418501
22059,LA,La Salle,14.83501301
22061,LA,Lincoln,31.78211322
22063,LA,Livingston,15.40788834
22065,LA,Madison,9.769679982
22067,LA,Morehouse,24.3987216
22069,LA,Natchitoches,27.79146189
22071,LA,Orleans,16.79919092
22073,LA,Ouachita,30.150975
22075,LA,Plaquemines,28.03396903
22077,LA,Pointe Coupee,12.29468145
22079,LA,Rapides,34.5366224
22081,LA,Red River,22.4521187
22083,LA,Richland,11.22473457
22085,LA,Sabine,26.20121688
22087,LA,St. Bernard,46.21215001
22089,LA,St. Charles,57.77270062
22091,LA,St. Helena,5.916009019
22093,LA,St. James,25.35729951
22095,LA,St. John the Baptist,40.2023971
22097,LA,St. Landry,16.28030082
22099,LA,St. Martin,4.09463319
22101,LA,St. Mary,33.37692347
22103,LA,St. Tammany,26.71294232
22105,LA,Tangipahoa,26.16719254
22107,LA,Tensas,24.44762475
22109,LA,Terrebonne,29.88661231
22111,LA,Union,17.1871529
22113,LA,Vermilion,6.283253184
22115,LA,Vernon,52.07251204
22117,LA,Washington,10.62853482
22119,LA,Webster,26.76498866
22121,LA,West Baton Rouge,19.06494408
22123,LA,West Carroll,4.866955085
22125,LA,West Feliciana,42.08798124
22127,LA,Winn,26.97057467
23001,ME,Androscoggin,12.05021641
23003,ME,Aroostook,11.05290152
23005,ME,Cumberland,21.2040971
23007,ME,Franklin,2.533420749
23009,ME,Hancock,4.075237824
23011,ME,Kennebec,7.102191234
23013,ME,Knox,15.98064981
23015,ME,Lincoln,3.999610939
23017,ME,Oxford,6.607501766
23019,ME,Penobscot,12.44252372
23021,ME,Piscataquis,4.432930748
23023,ME,Sagadahoc,8.838948883
23025,ME,Somerset,15.25125919
23027,ME,Waldo,7.03704872
23029,ME,Washington,11.51410544
23031,ME,York,15.15200204
24001,MD,Allegany,34.13217816
24003,MD,Anne Arundel,35.39021505
24005,MD,Baltimore,17.54143405
24009,MD,Calvert,36.09049744
24011,MD,Caroline,5.261695537
24013,MD,Carroll,24.04320621
24015,MD,Cecil,22.50175279
24017,MD,Charles,29.4897776
24019,MD,Dorchester,16.23462743
24021,MD,Frederick,23.91893384
24023,MD,Garrett,3.258577783
24025,MD,Harford,21.74732214
24027,MD,Howard,18.70971775
24029,MD,Kent,0.014976599
24031,MD,Montgomery,18.66531997
24033,MD,Prince George's,23.22529387
24035,MD,Queen Anne's,23.32488898
24037,MD,St. Mary's,18.63502905
24039,MD,Somerset,22.74041908
24041,MD,Talbot,11.06686266
24043,MD,Washington,24.80901396
24045,MD,Wicomico,26.74699847
24047,MD,Worcester,20.72226348
24510,MD,Baltimore,2.209049931
25001,MA,Barnstable,48.37944245
25003,MA,Berkshire,24.32198418
25005,MA,Bristol,28.95599477
25007,MA,Dukes,7.120600087
25009,MA,Essex,29.95910349
25011,MA,Franklin,15.49242707
25013,MA,Hampden,22.28941348
25015,MA,Hampshire,38.6559722
25017,MA,Middlesex,24.82581904
25019,MA,Nantucket,10.42278278
25021,MA,Norfolk,31.69454253
25023,MA,Plymouth,40.82012636
25025,MA,Suffolk,0.750732503
25027,MA,Worcester,28.36520868
26001,MI,Alcona,10.98963669
26003,MI,Alger,34.79863254
26005,MI,Allegan,4.063115844
26007,MI,Alpena,6.180749369
26009,MI,Antrim,0.13893207
26011,MI,Arenac,28.82089381
26013,MI,Baraga,16.39164018
26015,MI,Barry,2.79781922
26017,MI,Bay,21.97645111
26021,MI,Berrien,25.67114164
26023,MI,Branch,3.507916027
26025,MI,Calhoun,23.14648407
26027,MI,Cass,8.169238547
26029,MI,Charlevoix,5.472644227
26031,MI,Cheboygan,10.80063876
26033,MI,Chippewa,20.2743799
26035,MI,Clare,2.6609491
26037,MI,Clinton,22.29740756
26039,MI,Crawford,18.71344112
26041,MI,Delta,25.7599353
26043,MI,Dickinson,32.57466224
26045,MI,Eaton,26.86955434
26047,MI,Emmet,11.62391606
26049,MI,Genesee,31.55638478
26051,MI,Gladwin,1.109152391
26053,MI,Gogebic,12.5340474
26055,MI,Grand Traverse,18.55118163
26057,MI,Gratiot,27.86992212
26059,MI,Hillsdale,6.849002818
26061,MI,Houghton,10.79149591
26063,MI,Huron,25.98173341
26065,MI,Ingham,29.1951773
26067,MI,Ionia,8.701251109
26069,MI,Iosco,21.85085383
26071,MI,Iron,11.06934375
26073,MI,Isabella,7.031061182
26075,MI,Jackson,24.52679888
26077,MI,Kalamazoo,26.72968673
26079,MI,Kalkaska,6.112062512
26081,MI,Kent,21.08220127
26083,MI,Keweenaw,29.01346867
26085,MI,Lake,16.02973816
26087,MI,Lapeer,9.262139
26089,MI,Leelanau,2.332918451
26091,MI,Lenawee,19.79331677
26093,MI,Livingston,31.29411409
26095,MI,Luce,11.99430894
26097,MI,Mackinac,30.24709955
26099,MI,Macomb,22.62965966
26101,MI,Manistee,10.02384845
26103,MI,Marquette,15.38465251
26105,MI,Mason,6.333576318
26107,MI,Mecosta,17.75819677
26109,MI,Menominee,40.81007077
26111,MI,Midland,20.08839935
26113,MI,Missaukee,4.47000194
26115,MI,Monroe,18.6561486
26117,MI,Montcalm,7.532787139
26119,MI,Montmorency,3.858500712
26121,MI,Muskegon,36.05377293
26123,MI,Newaygo,5.729119711
26125,MI,Oakland,29.9489182
26127,MI,Oceana,3.668702288
26129,MI,Ogemaw,0.051518946
26131,MI,Ontonagon,32.60484885
26133,MI,Osceola,15.69049631
26135,MI,Oscoda,1.601777362
26137,MI,Otsego,13.39995823
26139,MI,Ottawa,32.55565568
26141,MI,Presque Isle,27.43229697
26143,MI,Roscommon,22.00655288
26145,MI,Saginaw,25.1794859
26147,MI,St. Clair,34.10061757
26149,MI,St. Joseph,11.64041638
26151,MI,Sanilac,6.440746911
26153,MI,Schoolcraft,25.51661883
26155,MI,Shiawassee,16.48944905
26157,MI,Tuscola,3.4197105
26159,MI,Van Buren,5.310025594
26161,MI,Washtenaw,23.3053037
26163,MI,Wayne,13.84450847
26165,MI,Wexford,10.010085
27001,MN,Aitkin,32.35110466
27003,MN,Anoka,34.28945462
27005,MN,Becker,33.39503574
27007,MN,Beltrami,17.14157232
27009,MN,Benton,15.85893026
27011,MN,Big Stone,43.18120312
27013,MN,Blue Earth,33.87308863
27015,MN,Brown,26.51696605
27017,MN,Carlton,26.50187059
27019,MN,Carver,27.62107338
27021,MN,Cass,11.87783164
27023,MN,Chippewa,7.592979582
27025,MN,Chisago,9.950665523
27027,MN,Clay,9.502017376
27029,MN,Clearwater,37.92275999
27031,MN,Cook,28.72721196
27033,MN,Cottonwood,36.4077451
27035,MN,Crow Wing,6.734017341
27037,MN,Dakota,32.9432033
27039,MN,Dodge,8.961171023
27041,MN,Douglas,25.79944853
27043,MN,Faribault,13.04467832
27045,MN,Fillmore,2.182986418
27047,MN,Freeborn,28.45430066
27049,MN,Goodhue,17.61370995
27051,MN,Grant,44.10049729
27053,MN,Hennepin,26.62316236
27055,MN,Houston,10.62304331
27057,MN,Hubbard,21.44963782
27059,MN,Isanti,9.122140674
27061,MN,Itasca,16.14411991
27063,MN,Jackson,13.44418679
27065,MN,Kanabec,7.292751144
27067,MN,Kandiyohi,27.91735315
27069,MN,Kittson,72.6871013
27071,MN,Koochiching,45.15589331
27073,MN,Lac qui Parle,11.30472693
27075,MN,Lake,8.303447041
27077,MN,Lake of the Woods,41.18602524
27079,MN,Le Sueur,7.137326459
27081,MN,Lincoln,12.21485175
27083,MN,Lyon,25.97570008
27085,MN,McLeod,24.92405224
27087,MN,Mahnomen,35.18780888
27089,MN,Marshall,63.38047088
27091,MN,Martin,44.23575689
27093,MN,Meeker,21.49450502
27095,MN,Mille Lacs,1.68167932
27097,MN,Morrison,29.39144378
27099,MN,Mower,14.65821654
27101,MN,Murray,14.4791873
27103,MN,Nicollet,31.84378676
27105,MN,Nobles,29.7329779
27107,MN,Norman,31.70191348
27109,MN,Olmsted,19.53283649
27111,MN,Otter Tail,19.60075018
27113,MN,Pennington,18.12396197
27115,MN,Pine,9.004527602
27117,MN,Pipestone,28.25144168
27119,MN,Polk,35.0240073
27121,MN,Pope,12.85792533
27123,MN,Ramsey,21.88272458
27125,MN,Red Lake,99.19236257
27127,MN,Redwood,43.1468308
27129,MN,Renville,33.066079
27131,MN,Rice,22.53402777
27133,MN,Rock,14.39128127
27135,MN,Roseau,29.45233158
27137,MN,St. Louis,25.61381809
27139,MN,Scott,18.29115
27141,MN,Sherburne,17.06941624
27143,MN,Sibley,1.591492183
27145,MN,Stearns,17.41978546
27147,MN,Steele,21.60403469
27149,MN,Stevens,13.58000443
27151,MN,Swift,25.359078
27153,MN,Todd,33.4370922
27155,MN,Traverse,38.96287522
27157,MN,Wabasha,10.27428719
27159,MN,Wadena,24.70660453
27161,MN,Waseca,29.8094543
27163,MN,Washington,39.77828928
27165,MN,Watonwan,4.665870917
27167,MN,Wilkin,28.68694459
27169,MN,Winona,14.18298156
27171,MN,Wright,12.0039427
27173,MN,Yellow Medicine,32.383997
28001,MS,Adams,22.24334569
28003,MS,Alcorn,10.16549273
28005,MS,Amite,17.84083189
28007,MS,Attala,20.21670003
28009,MS,Benton,36.83577658
28011,MS,Bolivar,41.31360947
28013,MS,Calhoun,8.126204598
28015,MS,Carroll,40.92440047
28017,MS,Chickasaw,3.940617556
28019,MS,Choctaw,3.162961589
28021,MS,Claiborne,15.12124951
28023,MS,Clarke,13.93902093
28025,MS,Clay,27.17214057
28027,MS,Coahoma,25.77049178
28029,MS,Copiah,24.36630009
28033,MS,DeSoto,26.87336935
28035,MS,Forrest,12.2994935
28037,MS,Franklin,30.62642704
28039,MS,George,9.935904209
28041,MS,Greene,4.423447942
28043,MS,Grenada,15.7205353
28045,MS,Hancock,33.80949826
28047,MS,Harrison,35.89320363
28049,MS,Hinds,26.39363465
28051,MS,Holmes,43.08667333
28053,MS,Humphreys,22.42869153
28055,MS,Issaquena,42.47263692
28057,MS,Itawamba,11.83933095
28059,MS,Jackson,29.56293471
28061,MS,Jasper,11.71757287
28063,MS,Jefferson,11.31917437
28065,MS,Jefferson Davis,16.55020598
28067,MS,Jones,9.713818054
28069,MS,Kemper,49.25362299
28071,MS,Lafayette,33.15621203
28073,MS,Lamar,14.33524512
28075,MS,Lauderdale,20.96371308
28077,MS,Lawrence,15.31074964
28079,MS,Leake,17.56289179
28081,MS,Lee,21.87862193
28083,MS,Leflore,45.50637845
28085,MS,Lincoln,20.3991511
28087,MS,Lowndes,16.57924776
28089,MS,Madison,20.37201042
28091,MS,Marion,29.3495633
28093,MS,Marshall,18.48705127
28095,MS,Monroe,6.57637135
28097,MS,Montgomery,16.17794234
28099,MS,Neshoba,8.202661409
28101,MS,Newton,11.6662102
28103,MS,Noxubee,15.89026149
28105,MS,Oktibbeha,28.41612516
28107,MS,Panola,20.31278904
28109,MS,Pearl River,13.032837
28111,MS,Perry,9.167377754
28113,MS,Pike,13.71664363
28115,MS,Pontotoc,10.77965577
28117,MS,Prentiss,6.765822578
28119,MS,Quitman,32.01755851
28121,MS,Rankin,26.77840212
28123,MS,Scott,12.83378384
28125,MS,Sharkey,27.87177669
28127,MS,Simpson,10.37558262
28129,MS,Smith,16.34561892
28131,MS,Stone,21.60807174
28133,MS,Sunflower,36.32869632
28135,MS,Tallahatchie,51.18217314
28137,MS,Tate,28.35954561
28139,MS,Tippah,11.20338353
28141,MS,Tishomingo,0
28143,MS,Tunica,17.56750828
28145,MS,Union,12.26008865
28147,MS,Walthall,10.62590375
28149,MS,Warren,23.55903006
28151,MS,Washington,29.77618357
28153,MS,Wayne,1.604794405
28155,MS,Webster,11.50021709
28157,MS,Wilkinson,16.04662864
28159,MS,Winston,13.20918877
28161,MS,Yalobusha,8.370903112
28163,MS,Yazoo,34.36930432
29001,MO,Adair,18.01778764
29003,MO,Andrew,10.58417799
29005,MO,Atchison,12.42882766
29007,MO,Audrain,16.03983316
29009,MO,Barry,11.12462395
29011,MO,Barton,22.23731155
29013,MO,Bates,4.492621956
29015,MO,Benton,9.965435068
29017,MO,Bollinger,28.4039643
29019,MO,Boone,25.54873816
29021,MO,Buchanan,22.97373387
29023,MO,Butler,16.51193505
29025,MO,Caldwell,18.66625662
29027,MO,Callaway,18.39466328
29029,MO,Camden,13.06271522
29031,MO,Cape Girardeau,25.23754828
29033,MO,Carroll,18.50192755
29035,MO,Carter,49.7427067
29037,MO,Cass,30.28606461
29039,MO,Cedar,11.74740409
29041,MO,Chariton,10.26248668
29043,MO,Christian,20.18683186
29045,MO,Clark,13.42163294
29047,MO,Clay,27.84608045
29049,MO,Clinton,7.479806691
29051,MO,Cole,25.88433257
29053,MO,Cooper,24.46942415
29055,MO,Crawford,5.173495104
29057,MO,Dade,9.658800887
29059,MO,Dallas,12.88733383
29061,MO,Daviess,21.81821441
29063,MO,DeKalb,37.36803669
29065,MO,Dent,20.30037782
29067,MO,Douglas,26.90447063
29069,MO,Dunklin,20.94100126
29071,MO,Franklin,10.98463978
29073,MO,Gasconade,2.248210441
29075,MO,Gentry,3.04180153
29077,MO,Greene,18.08842104
29079,MO,Grundy,30.33672618
29081,MO,Harrison,28.4227955
29083,MO,Henry,31.02839841
29085,MO,Hickory,13.6362393
29087,MO,Holt,99.51349343
29089,MO,Howard,17.87813753
29091,MO,Howell,19.13934187
29093,MO,Iron,22.44256694
29095,MO,Jackson,22.25204577
29097,MO,Jasper,27.38378022
29099,MO,Jefferson,30.35126682
29101,MO,Johnson,16.73989297
29103,MO,Knox,19.30865516
29105,MO,Laclede,20.71341636
29107,MO,Lafayette,16.78184664
29109,MO,Lawrence,11.46521075
29111,MO,Lewis,41.52284041
29113,MO,Lincoln,7.749184094
29115,MO,Linn,26.53994423
29117,MO,Livingston,11.50387096
29119,MO,McDonald,7.429533234
29121,MO,Macon,17.08082886
29123,MO,Madison,14.21674918
29125,MO,Maries,5.750726099
29127,MO,Marion,15.53291178
29129,MO,Mercer,99.76810369
29131,MO,Miller,7.799593972
29133,MO,Mississippi,0.323084677
29135,MO,Moniteau,5.049580518
29137,MO,Monroe,13.81459438
29139,MO,Montgomery,10.27273339
29141,MO,Morgan,3.156745162
29143,MO,New Madrid,3.030178314
29145,MO,Newton,14.75253725
29147,MO,Nodaway,45.1046101
29149,MO,Oregon,18.59087523
29151,MO,Osage,10.21406614
29153,MO,Ozark,55.17515425
29155,MO,Pemiscot,6.457317589
29157,MO,Perry,15.77896755
29159,MO,Pettis,16.73995765
29161,MO,Phelps,14.00207168
29163,MO,Pike,24.50645426
29165,MO,Platte,34.93212661
29167,MO,Polk,5.676068932
29169,MO,Pulaski,34.19831196
29171,MO,Putnam,26.66386845
29173,MO,Ralls,8.931959179
29175,MO,Randolph,12.36188432
29177,MO,Ray,19.17720789
29179,MO,Reynolds,44.82067368
29181,MO,Ripley,20.73670328
29183,MO,St. Charles,37.85125059
29185,MO,St. Clair,9.340965647
29186,MO,Ste. Genevieve,20.21477216
29187,MO,St. Francois,15.10986875
29189,MO,St. Louis,26.75831252
29195,MO,Saline,27.49108611
29197,MO,Schuyler,82.24952624
29199,MO,Scotland,9.621943472
29201,MO,Scott,23.08820267
29203,MO,Shannon,16.58517756
29205,MO,Shelby,38.52335593
29207,MO,Stoddard,6.221745898
29209,MO,Stone,1.582925416
29211,MO,Sullivan,27.24845582
29213,MO,Taney,30.14539708
29215,MO,Texas,18.07480601
29217,MO,Vernon,32.02808626
29219,MO,Warren,4.905375537
29221,MO,Washington,18.17000315
29223,MO,Wayne,34.62520544
29225,MO,Webster,7.836287816
29227,MO,Worth,13.91676246
29229,MO,Wright,12.20550069
29510,MO,St. Louis,6.011974373
30001,MT,Beaverhead,26.19552957
30003,MT,Big Horn,46.99066181
30005,MT,Blaine,34.01274338
30007,MT,Broadwater,25.51802267
30009,MT,Carbon,35.98696372
30011,MT,Carter,99.99999981
30013,MT,Cascade,25.45244276
30015,MT,Chouteau,71.40157345
30017,MT,Custer,49.65681406
30019,MT,Daniels,26.8007723
30021,MT,Dawson,32.90346472
30023,MT,Deer Lodge,5.710188774
30025,MT,Fallon,22.43639815
30027,MT,Fergus,29.44990612
30029,MT,Flathead,10.41168048
30031,MT,Gallatin,12.71255331
30033,MT,Garfield,55.3010247
30035,MT,Glacier,23.13056678
30037,MT,Golden Valley,100.0000004
30039,MT,Granite,21.93674778
30041,MT,Hill,46.6376544
30043,MT,Jefferson,11.73828826
30045,MT,Judith Basin,60.38143151
30047,MT,Lake,6.865095556
30049,MT,Lewis and Clark,23.69154324
30051,MT,Liberty,56.11687315
30053,MT,Lincoln,15.67273098
30055,MT,McCone,41.19922309
30057,MT,Madison,30.19206039
30059,MT,Meagher,99.9999998
30061,MT,Mineral,46.66319938
30063,MT,Missoula,22.14369836
30065,MT,Musselshell,31.89033188
30067,MT,Park,29.81495418
30069,MT,Petroleum,100.0000005
30071,MT,Phillips,26.66789706
30073,MT,Pondera,45.34808339
30075,MT,Powder River,52.37716577
30077,MT,Powell,19.55018049
30079,MT,Prairie,100.0000002
30081,MT,Ravalli,4.550113931
30083,MT,Richland,29.76813804
30085,MT,Roosevelt,57.75846547
30087,MT,Rosebud,24.12589852
30089,MT,Sanders,42.13852432
30091,MT,Sheridan,35.23910963
30093,MT,Silver Bow,11.86253869
30095,MT,Stillwater,15.98889895
30097,MT,Sweet Grass,22.61459051
30099,MT,Teton,31.70658097
30101,MT,Toole,37.61004469
30103,MT,Treasure,99.99999999
30105,MT,Valley,39.13095181
30107,MT,Wheatland,99.99999953
30109,MT,Wibaux,99.99999959
30111,MT,Yellowstone,25.6446587
31001,NE,Adams,29.19310418
31003,NE,Antelope,20.19346886
31005,NE,Arthur,100.000001
31007,NE,Banner,98.53998076
31009,NE,Blaine,99.99999966
31011,NE,Boone,18.55551783
31013,NE,Box Butte,33.08949583
31015,NE,Boyd,100.0000001
31017,NE,Brown,10.08354662
31019,NE,Buffalo,19.65078159
31021,NE,Burt,0.671959097
31023,NE,Butler,15.941153
31025,NE,Cass,24.52532257
31027,NE,Cedar,15.95105119
31029,NE,Chase,29.42085528
31031,NE,Cherry,41.3334797
31033,NE,Cheyenne,18.90099854
31035,NE,Clay,46.58163405
31037,NE,Colfax,26.86046607
31039,NE,Cuming,4.502746732
31041,NE,Custer,51.44311123
31043,NE,Dakota,24.90199265
31045,NE,Dawes,23.14575605
31047,NE,Dawson,32.71991098
31049,NE,Deuel,26.81713606
31051,NE,Dixon,33.94021504
31053,NE,Dodge,30.9430165
31055,NE,Douglas,11.16272728
31057,NE,Dundy,33.26264259
31059,NE,Fillmore,19.64043192
31061,NE,Franklin,47.46087467
31063,NE,Frontier,97.02777864
31065,NE,Furnas,21.7974594
31067,NE,Gage,30.18315435
31069,NE,Garden,99.86106465
31071,NE,Garfield,9.985469905
31073,NE,Gosper,64.2549527
31075,NE,Grant,99.99999965
31077,NE,Greeley,99.96318269
31079,NE,Hall,31.97990563
31081,NE,Hamilton,10.94131641
31083,NE,Harlan,6.07328435
31085,NE,Hayes,100.0000004
31087,NE,Hitchcock,94.99758203
31089,NE,Holt,25.42825326
31091,NE,Hooker,15.91562575
31093,NE,Howard,18.0455228
31095,NE,Jefferson,23.60455698
31097,NE,Johnson,25.96147105
31099,NE,Kearney,11.3333232
31101,NE,Keith,21.95668691
31103,NE,Keya Paha,99.88410638
31105,NE,Kimball,7.513269807
31107,NE,Knox,7.764301975
31109,NE,Lancaster,10.18282793
31111,NE,Lincoln,21.01703819
31113,NE,Logan,14.03225162
31115,NE,Loup,80.12315556
31117,NE,McPherson,100.000001
31119,NE,Madison,24.75859174
31121,NE,Merrick,37.57396072
31123,NE,Morrill,50.72689631
31125,NE,Nance,37.44240879
31127,NE,Nemaha,2.487159408
31129,NE,Nuckolls,36.02918519
31131,NE,Otoe,13.61609652
31133,NE,Pawnee,18.14699985
31135,NE,Perkins,29.5431297
31137,NE,Phelps,15.72036386
31139,NE,Pierce,66.24293749
31141,NE,Platte,27.41961269
31143,NE,Polk,5.763660794
31145,NE,Red Willow,48.13988515
31147,NE,Richardson,27.12033341
31149,NE,Rock,28.02030416
31151,NE,Saline,18.04805367
31153,NE,Sarpy,20.76829371
31155,NE,Saunders,17.71588077
31157,NE,Scotts Bluff,8.025011041
31159,NE,Seward,9.539661032
31161,NE,Sheridan,35.2418944
31163,NE,Sherman,83.43071449
31165,NE,Sioux,65.4341933
31167,NE,Stanton,57.72765212
31169,NE,Thayer,17.36663208
31171,NE,Thomas,99.94077939
31173,NE,Thurston,25.24219862
31175,NE,Valley,23.83715449
31177,NE,Washington,3.228795345
31179,NE,Wayne,6.697374958
31181,NE,Webster,52.4121627
31183,NE,Wheeler,99.99999974
31185,NE,York,20.16422107
32001,NV,Churchill,26.06468149
32003,NV,Clark,10.56653374
32005,NV,Douglas,45.89265197
32007,NV,Elko,27.80992811
32009,NV,Esmeralda,97.19029367
32011,NV,Eureka,100.0000003
32013,NV,Humboldt,30.42653217
32015,NV,Lander,15.43449591
32017,NV,Lincoln,78.09053969
32019,NV,Lyon,24.25587402
32021,NV,Mineral,84.42584937
32023,NV,Nye,42.29256417
32027,NV,Pershing,15.33655178
32029,NV,Storey,5.474277041
32031,NV,Washoe,23.70251553
32033,NV,White Pine,44.54148017
32510,NV,Carson City,20.08076861
33001,NH,Belknap,16.50122398
33003,NH,Carroll,1.82393951
33005,NH,Cheshire,14.12235038
33007,NH,Coos,14.42822707
33009,NH,Grafton,12.92865298
33011,NH,Hillsborough,33.7076344
33013,NH,Merrimack,19.85558779
33015,NH,Rockingham,37.65222951
33017,NH,Strafford,18.96062212
33019,NH,Sullivan,13.96187776
34001,NJ,Atlantic,29.20117096
34003,NJ,Bergen,10.5844704
34005,NJ,Burlington,37.22294047
34007,NJ,Camden,21.41731096
34009,NJ,Cape May,37.80073842
34011,NJ,Cumberland,27.72192473
34013,NJ,Essex,7.748551707
34015,NJ,Gloucester,43.73497565
34017,NJ,Hudson,0.554739305
34019,NJ,Hunterdon,20.58397426
34021,NJ,Mercer,26.75955589
34023,NJ,Middlesex,24.14690485
34025,NJ,Monmouth,32.31046055
34027,NJ,Morris,34.4497679
34029,NJ,Ocean,43.06968223
34031,NJ,Passaic,13.23745047
34033,NJ,Salem,14.59450667
34035,NJ,Somerset,34.94775115
34037,NJ,Sussex,37.71128879
34039,NJ,Union,9.32195915
34041,NJ,Warren,27.45937876
35001,NM,Bernalillo,19.5232177
35003,NM,Catron,100.0000006
35005,NM,Chaves,24.97724219
35006,NM,Cibola,36.67907002
35007,NM,Colfax,56.99493629
35009,NM,Curry,38.55477551
35011,NM,De Baca,17.11674858
35013,NM,Doa Ana,39.60313107
35015,NM,Eddy,36.33633668
35017,NM,Grant,34.49022579
35019,NM,Guadalupe,38.23432562
35021,NM,Harding,95.0769185
35023,NM,Hidalgo,36.39271075
35025,NM,Lea,16.12382998
35027,NM,Lincoln,34.70314992
35028,NM,Los Alamos,42.58907911
35029,NM,Luna,25.58038002
35031,NM,McKinley,60.44207862
35033,NM,Mora,24.58790451
35035,NM,Otero,33.20521497
35037,NM,Quay,17.35323311
35039,NM,Rio Arriba,49.81723675
35041,NM,Roosevelt,29.77572953
35043,NM,Sandoval,35.79409263
35045,NM,San Juan,35.85948048
35047,NM,San Miguel,49.66806212
35049,NM,Santa Fe,29.40480402
35051,NM,Sierra,44.71213482
35053,NM,Socorro,37.93355964
35055,NM,Taos,39.1483689
35057,NM,Torrance,39.735921
35059,NM,Union,26.81342633
35061,NM,Valencia,52.54921492
36001,NY,Albany,27.06973166
36003,NY,Allegany,7.710938407
36005,NY,Bronx,0.51514629
36007,NY,Broome,12.82442029
36009,NY,Cattaraugus,7.362148129
36011,NY,Cayuga,6.599715187
36013,NY,Chautauqua,17.72036081
36015,NY,Chemung,22.81877222
36017,NY,Chenango,4.142914352
36019,NY,Clinton,26.95282251
36021,NY,Columbia,14.67200176
36023,NY,Cortland,10.71950606
36025,NY,Delaware,2.41360506
36027,NY,Dutchess,34.14698868
36029,NY,Erie,20.97013162
36031,NY,Essex,9.306170642
36033,NY,Franklin,22.96738473
36035,NY,Fulton,9.734412666
36037,NY,Genesee,3.904069651
36039,NY,Greene,21.2536571
36041,NY,Hamilton,53.58940884
36043,NY,Herkimer,18.76311996
36045,NY,Jefferson,16.86194661
36047,NY,Kings,0.015700271
36049,NY,Lewis,16.58149616
36051,NY,Livingston,17.62755276
36053,NY,Madison,19.29338073
36055,NY,Monroe,29.78163106
36057,NY,Montgomery,20.97026235
36059,NY,Nassau,5.235748386
36061,NY,New York,0.000126114
36063,NY,Niagara,17.51123963
36065,NY,Oneida,16.18616441
36067,NY,Onondaga,20.30558284
36069,NY,Ontario,17.05609384
36071,NY,Orange,26.50046734
36073,NY,Orleans,12.26212788
36075,NY,Oswego,10.67621727
36077,NY,Otsego,28.90327537
36079,NY,Putnam,36.63103144
36081,NY,Queens,0.349160792
36083,NY,Rensselaer,20.861626
36085,NY,Richmond,0.906423421
36087,NY,Rockland,20.0997621
36089,NY,St. Lawrence,17.37470627
36091,NY,Saratoga,27.23255121
36093,NY,Schenectady,23.29149152
36095,NY,Schoharie,22.0823139
36097,NY,Schuyler,7.359617797
36099,NY,Seneca,15.16084998
36101,NY,Steuben,8.298245564
36103,NY,Suffolk,25.50986758
36105,NY,Sullivan,9.28684303
36107,NY,Tioga,14.59887497
36109,NY,Tompkins,14.76524773
36111,NY,Ulster,26.32404
36113,NY,Warren,19.56856459
36115,NY,Washington,11.05543322
36117,NY,Wayne,13.9306688
36119,NY,Westchester,14.80157861
36121,NY,Wyoming,22.84578559
36123,NY,Yates,2.059075201
37001,NC,Alamance,22.92153078
37003,NC,Alexander,6.530453819
37005,NC,Alleghany,3.861072369
37007,NC,Anson,6.55692212
37009,NC,Ashe,5.24766411
37011,NC,Avery,0.653316306
37013,NC,Beaufort,10.3588908
37015,NC,Bertie,5.511438715
37017,NC,Bladen,6.481550553
37019,NC,Brunswick,15.54553612
37021,NC,Buncombe,21.610247
37023,NC,Burke,29.57341285
37025,NC,Cabarrus,22.99707413
37027,NC,Caldwell,35.98172226
37029,NC,Camden,4.397871903
37031,NC,Carteret,25.18475194
37033,NC,Caswell,7.822722365
37035,NC,Catawba,21.46750204
37037,NC,Chatham,4.845340551
37039,NC,Cherokee,7.54474724
37041,NC,Chowan,23.13513771
37043,NC,Clay,3.236461819
37045,NC,Cleveland,16.68974238
37047,NC,Columbus,4.385175185
37049,NC,Craven,28.03363479
37051,NC,Cumberland,30.16608027
37053,NC,Currituck,13.13521239
37055,NC,Dare,30.58733803
37057,NC,Davidson,16.55715762
37059,NC,Davie,10.87902871
37061,NC,Duplin,1.944166068
37063,NC,Durham,25.87578617
37065,NC,Edgecombe,12.97790878
37067,NC,Forsyth,36.58833065
37069,NC,Franklin,4.477869989
37071,NC,Gaston,28.29086288
37073,NC,Gates,0.039059205
37075,NC,Graham,2.838066559
37077,NC,Granville,16.28619179
37081,NC,Guilford,20.23380872
37083,NC,Halifax,16.52866394
37085,NC,Harnett,8.757052439
37087,NC,Haywood,21.58918399
37089,NC,Henderson,21.71771412
37091,NC,Hertford,10.1308583
37093,NC,Hoke,21.11900657
37095,NC,Hyde,89.96253619
37097,NC,Iredell,15.27967062
37099,NC,Jackson,18.04408634
37101,NC,Johnston,5.15184506
37103,NC,Jones,0.003080741
37105,NC,Lee,14.76709666
37107,NC,Lenoir,12.74922233
37109,NC,Lincoln,14.26401445
37111,NC,McDowell,4.279722482
37113,NC,Macon,6.526401153
37115,NC,Madison,12.2055098
37117,NC,Martin,3.712026276
37119,NC,Mecklenburg,18.26814833
37123,NC,Montgomery,1.686768741
37125,NC,Moore,20.32422465
37127,NC,Nash,14.41803601
37129,NC,New Hanover,30.17069192
37131,NC,Northampton,11.6530958
37133,NC,Onslow,30.34970519
37135,NC,Orange,19.05533944
37137,NC,Pamlico,5.493146359
37139,NC,Pasquotank,25.07247486
37141,NC,Pender,6.670974345
37143,NC,Perquimans,3.401146931
37145,NC,Person,10.25974359
37147,NC,Pitt,9.231674694
37149,NC,Polk,0.353169717
37151,NC,Randolph,19.25041477
37153,NC,Richmond,13.13941533
37155,NC,Robeson,9.350313589
37157,NC,Rockingham,20.87272896
37159,NC,Rowan,24.68003833
37161,NC,Rutherford,21.47447018
37163,NC,Sampson,4.280386494
37165,NC,Scotland,16.22842632
37167,NC,Stanly,5.571893423
37169,NC,Stokes,17.50834829
37171,NC,Surry,7.73711828
37173,NC,Swain,1.532198154
37175,NC,Transylvania,7.154221928
37177,NC,Tyrrell,11.11110883
37179,NC,Union,15.68815791
37181,NC,Vance,9.849699773
37183,NC,Wake,18.91591684
37185,NC,Warren,7.288276867
37187,NC,Washington,26.8289864
37189,NC,Watauga,6.692253532
37191,NC,Wayne,18.308844
37193,NC,Wilkes,11.2223789
37195,NC,Wilson,3.666003141
37197,NC,Yadkin,1.899787949
37199,NC,Yancey,1.065015397
38001,ND,Adams,22.28559969
38003,ND,Barnes,28.0316462
38005,ND,Benson,42.70876146
38007,ND,Billings,99.99999959
38009,ND,Bottineau,45.72108444
38011,ND,Bowman,29.8246359
38013,ND,Burke,99.99999962
38015,ND,Burleigh,21.94227726
38017,ND,Cass,13.95735438
38019,ND,Cavalier,36.42685084
38021,ND,Dickey,12.73390441
38023,ND,Divide,33.25470959
38025,ND,Dunn,53.00695242
38027,ND,Eddy,28.8680883
38029,ND,Emmons,44.57268507
38031,ND,Foster,18.03266315
38033,ND,Golden Valley,99.99999997
38035,ND,Grand Forks,20.59438685
38037,ND,Grant,52.3251039
38039,ND,Griggs,32.82308871
38041,ND,Hettinger,99.97951487
38043,ND,Kidder,99.56008869
38045,ND,LaMoure,37.20284065
38047,ND,Logan,41.94816995
38049,ND,McHenry,69.04023893
38051,ND,McIntosh,19.89786238
38053,ND,McKenzie,36.89349199
38055,ND,McLean,55.1663313
38057,ND,Mercer,18.61227908
38059,ND,Morton,29.89581288
38061,ND,Mountrail,13.11907397
38063,ND,Nelson,99.99999979
38065,ND,Oliver,84.29039624
38067,ND,Pembina,46.20360529
38069,ND,Pierce,19.29914426
38071,ND,Ramsey,16.60899049
38073,ND,Ransom,16.2857988
38075,ND,Renville,58.98544207
38077,ND,Richland,40.22155018
38079,ND,Rolette,9.343647329
38081,ND,Sargent,21.90541294
38083,ND,Sheridan,81.57289302
38085,ND,Sioux,40.96313792
38087,ND,Slope,95.2378065
38089,ND,Stark,16.99073023
38091,ND,Steele,87.7559798
38093,ND,Stutsman,32.95359493
38095,ND,Towner,34.79986631
38097,ND,Traill,18.16897085
38099,ND,Walsh,18.43725605
38101,ND,Ward,33.33184145
38103,ND,Wells,37.85657716
38105,ND,Williams,21.2650029
39001,OH,Adams,7.09532586
39003,OH,Allen,18.18404448
39005,OH,Ashland,3.378191491
39007,OH,Ashtabula,20.35235577
39009,OH,Athens,23.01078562
39011,OH,Auglaize,5.004778592
39013,OH,Belmont,14.21335407
39015,OH,Brown,7.219147366
39017,OH,Butler,34.06733159
39019,OH,Carroll,5.91024996
39021,OH,Champaign,1.564028148
39023,OH,Clark,24.31669389
39025,OH,Clermont,39.52516215
39027,OH,Clinton,17.77527008
39029,OH,Columbiana,19.83943169
39031,OH,Coshocton,18.59338398
39033,OH,Crawford,23.1265575
39035,OH,Cuyahoga,19.5322337
39037,OH,Darke,5.911713403
39039,OH,Defiance,12.81101499
39041,OH,Delaware,26.64071892
39043,OH,Erie,27.92368647
39045,OH,Fairfield,21.05713913
39047,OH,Fayette,3.089608182
39049,OH,Franklin,23.60837278
39051,OH,Fulton,15.127607
39053,OH,Gallia,11.93003883
39055,OH,Geauga,19.60645889
39057,OH,Greene,29.23247131
39059,OH,Guernsey,15.60320178
39061,OH,Hamilton,29.49778691
39063,OH,Hancock,16.09033439
39065,OH,Hardin,9.467295698
39067,OH,Harrison,2.404541473
39069,OH,Henry,12.89587856
39071,OH,Highland,5.635540569
39073,OH,Hocking,17.26447555
39075,OH,Holmes,2.067296307
39077,OH,Huron,12.39372255
39079,OH,Jackson,4.297880848
39081,OH,Jefferson,21.64183941
39083,OH,Knox,14.19019093
39085,OH,Lake,34.12905053
39087,OH,Lawrence,14.72610072
39089,OH,Licking,20.60979171
39091,OH,Logan,8.015732993
39093,OH,Lorain,26.99445184
39095,OH,Lucas,16.3625174
39097,OH,Madison,28.68763687
39099,OH,Mahoning,26.53375926
39101,OH,Marion,33.26643796
39103,OH,Medina,24.566229
39105,OH,Meigs,16.36095071
39107,OH,Mercer,3.450452816
39109,OH,Miami,13.86246731
39111,OH,Monroe,5.721842539
39113,OH,Montgomery,26.61405011
39115,OH,Morgan,6.282881354
39117,OH,Morrow,0.477549927
39119,OH,Muskingum,19.45411335
39121,OH,Noble,25.86847698
39123,OH,Ottawa,26.93020156
39125,OH,Paulding,13.03968651
39127,OH,Perry,3.911840969
39129,OH,Pickaway,13.6389392
39131,OH,Pike,14.24105399
39133,OH,Portage,26.58290862
39135,OH,Preble,0.742855162
39137,OH,Putnam,16.60076698
39139,OH,Richland,25.38189218
39141,OH,Ross,13.71159696
39143,OH,Sandusky,9.996153399
39145,OH,Scioto,17.91300141
39147,OH,Seneca,14.05557767
39149,OH,Shelby,16.63186124
39151,OH,Stark,28.82278792
39153,OH,Summit,30.52796575
39155,OH,Trumbull,21.65423637
39157,OH,Tuscarawas,19.39984989
39159,OH,Union,21.26760256
39161,OH,Van Wert,16.17301019
39163,OH,Vinton,48.16485134
39165,OH,Warren,35.54663681
39167,OH,Washington,9.353880426
39169,OH,Wayne,16.23144693
39171,OH,Williams,14.18725704
39173,OH,Wood,33.29087844
39175,OH,Wyandot,4.504461468
40001,OK,Adair,7.278826956
40003,OK,Alfalfa,58.77694571
40005,OK,Atoka,40.42320826
40007,OK,Beaver,38.27532441
40009,OK,Beckham,11.9489184
40011,OK,Blaine,56.33985164
40013,OK,Bryan,19.55236443
40015,OK,Caddo,29.95635373
40017,OK,Canadian,23.33231896
40019,OK,Carter,10.00731291
40021,OK,Cherokee,22.29250799
40023,OK,Choctaw,48.38273668
40025,OK,Cimarron,40.34505522
40027,OK,Cleveland,18.9207817
40029,OK,Coal,27.31069897
40031,OK,Comanche,32.3401654
40033,OK,Cotton,83.54246539
40035,OK,Craig,17.28194573
40037,OK,Creek,20.92131552
40039,OK,Custer,32.18336054
40041,OK,Delaware,18.67824578
40043,OK,Dewey,99.99999998
40045,OK,Ellis,99.54597274
40047,OK,Garfield,16.70786399
40049,OK,Garvin,17.1082387
40051,OK,Grady,13.07500367
40053,OK,Grant,65.34023675
40055,OK,Greer,8.829673264
40057,OK,Harmon,8.287625664
40059,OK,Harper,51.64669662
40061,OK,Haskell,37.94588256
40063,OK,Hughes,26.88671276
40065,OK,Jackson,24.08030298
40067,OK,Jefferson,23.29894437
40069,OK,Johnston,36.1887109
40071,OK,Kay,30.29150949
40073,OK,Kingfisher,12.05658876
40075,OK,Kiowa,49.36618018
40077,OK,Latimer,25.55121597
40079,OK,Le Flore,15.39582515
40081,OK,Lincoln,7.390826052
40083,OK,Logan,21.57019023
40085,OK,Love,20.28064609
40087,OK,McClain,9.638274001
40089,OK,McCurtain,16.61634489
40091,OK,McIntosh,11.8645397
40093,OK,Major,18.05677614
40095,OK,Marshall,24.52895211
40097,OK,Mayes,10.53556279
40099,OK,Murray,4.086047438
40101,OK,Muskogee,14.20978696
40103,OK,Noble,28.568467
40105,OK,Nowata,21.08767478
40107,OK,Okfuskee,19.9841329
40109,OK,Oklahoma,20.91862847
40111,OK,Okmulgee,22.57753142
40113,OK,Osage,31.36792738
40115,OK,Ottawa,15.44212497
40117,OK,Pawnee,1.450792013
40119,OK,Payne,21.57733361
40121,OK,Pittsburg,41.57539351
40123,OK,Pontotoc,21.94405898
40125,OK,Pottawatomie,13.61022205
40127,OK,Pushmataha,43.62399123
40129,OK,Roger Mills,54.86768404
40131,OK,Rogers,20.21336696
40133,OK,Seminole,7.511361082
40135,OK,Sequoyah,11.20876836
40137,OK,Stephens,15.03952581
40139,OK,Texas,36.08189139
40141,OK,Tillman,34.556785
40143,OK,Tulsa,24.18270461
40145,OK,Wagoner,28.40930926
40147,OK,Washington,32.38551872
40149,OK,Washita,38.83116512
40151,OK,Woods,32.34609542
40153,OK,Woodward,26.43762733
41001,OR,Baker,44.95757007
41003,OR,Benton,26.05346923
41005,OR,Clackamas,13.95399138
41007,OR,Clatsop,17.2776327
41009,OR,Columbia,14.67973489
41011,OR,Coos,11.30285169
41013,OR,Crook,16.87106709
41015,OR,Curry,12.28432862
41017,OR,Deschutes,15.60008701
41019,OR,Douglas,25.31291244
41021,OR,Gilliam,54.62916777
41023,OR,Grant,39.80830793
41025,OR,Harney,37.01435048
41027,OR,Hood River,6.433187656
41029,OR,Jackson,19.08273095
41031,OR,Jefferson,18.85884206
41033,OR,Josephine,19.92153818
41035,OR,Klamath,36.55215256
41037,OR,Lake,43.62455616
41039,OR,Lane,17.9894462
41041,OR,Lincoln,17.02461494
41043,OR,Linn,22.01140718
41045,OR,Malheur,11.27046345
41047,OR,Marion,14.46579713
41049,OR,Morrow,35.5626909
41051,OR,Multnomah,9.143989764
41053,OR,Polk,29.87449396
41055,OR,Sherman,81.57325681
41057,OR,Tillamook,8.758429115
41059,OR,Umatilla,30.8899619
41061,OR,Union,19.42391354
41063,OR,Wallowa,27.05282439
41065,OR,Wasco,41.12848758
41067,OR,Washington,11.2832868
41069,OR,Wheeler,99.99999983
41071,OR,Yamhill,17.14004945
42001,PA,Adams,10.9924052
42003,PA,Allegheny,25.54295144
42005,PA,Armstrong,7.968617193
42007,PA,Beaver,36.6697931
42009,PA,Bedford,6.852824347
42011,PA,Berks,16.07712396
42013,PA,Blair,23.63835278
42015,PA,Bradford,9.99303853
42017,PA,Bucks,30.22185708
42019,PA,Butler,19.26480982
42021,PA,Cambria,25.71912112
42023,PA,Cameron,9.175307164
42025,PA,Carbon,11.05424828
42027,PA,Centre,16.12158953
42029,PA,Chester,39.70332062
42031,PA,Clarion,5.383321219
42033,PA,Clearfield,13.8391202
42035,PA,Clinton,17.59857641
42037,PA,Columbia,9.928253275
42039,PA,Crawford,11.8597208
42041,PA,Cumberland,22.44021963
42043,PA,Dauphin,32.01334452
42045,PA,Delaware,15.85435161
42047,PA,Elk,11.30778685
42049,PA,Erie,26.77335787
42051,PA,Fayette,19.76577493
42053,PA,Forest,1.366189773
42055,PA,Franklin,17.58115201
42057,PA,Fulton,11.11950307
42059,PA,Greene,16.34145532
42061,PA,Huntingdon,2.027802142
42063,PA,Indiana,19.71082461
42065,PA,Jefferson,4.443523838
42067,PA,Juniata,18.22141734
42069,PA,Lackawanna,12.62308798
42071,PA,Lancaster,23.34785653
42073,PA,Lawrence,26.56108485
42075,PA,Lebanon,14.75727164
42077,PA,Lehigh,24.9580431
42079,PA,Luzerne,15.60004683
42081,PA,Lycoming,18.59651548
42083,PA,McKean,3.857971137
42085,PA,Mercer,14.50006929
42087,PA,Mifflin,5.136138931
42089,PA,Monroe,29.40582542
42091,PA,Montgomery,28.42459169
42093,PA,Montour,11.40093095
42095,PA,Northampton,22.84816516
42097,PA,Northumberland,10.85907726
42099,PA,Perry,12.66281641
42101,PA,Philadelphia,1.208006612
42103,PA,Pike,6.255520913
42105,PA,Potter,17.81255506
42107,PA,Schuylkill,7.988163512
42109,PA,Snyder,6.910703883
42111,PA,Somerset,16.0164096
42113,PA,Sullivan,30.90965159
42115,PA,Susquehanna,5.012512663
42117,PA,Tioga,10.50256112
42119,PA,Union,32.25573949
42121,PA,Venango,9.1211636
42123,PA,Warren,14.58636474
42125,PA,Washington,28.06028245
42127,PA,Wayne,3.752989203
42129,PA,Westmoreland,32.41147163
42131,PA,Wyoming,3.054257633
42133,PA,York,24.360462
44001,RI,Bristol,51.08572538
44003,RI,Kent,28.11453699
44005,RI,Newport,30.51473782
44007,RI,Providence,15.37995743
44009,RI,Washington,32.26168489
45001,SC,Abbeville,1.106041998
45003,SC,Aiken,22.13796581
45005,SC,Allendale,16.70659491
45007,SC,Anderson,27.7430505
45009,SC,Bamberg,28.95481902
45011,SC,Barnwell,2.27149459
45013,SC,Beaufort,32.23083018
45015,SC,Berkeley,24.08812501
45017,SC,Calhoun,0.851070836
45019,SC,Charleston,19.35422373
45021,SC,Cherokee,14.31296235
45023,SC,Chester,16.73291281
45025,SC,Chesterfield,13.28707841
45027,SC,Clarendon,5.053626573
45029,SC,Colleton,24.0880173
45031,SC,Darlington,16.37822268
45033,SC,Dillon,12.05690206
45035,SC,Dorchester,19.1536675
45037,SC,Edgefield,8.559178064
45039,SC,Fairfield,21.56995686
45041,SC,Florence,22.11033979
45043,SC,Georgetown,20.57077837
45045,SC,Greenville,36.24393891
45047,SC,Greenwood,17.55817899
45049,SC,Hampton,17.44718392
45051,SC,Horry,14.2404802
45053,SC,Jasper,11.45954736
45055,SC,Kershaw,17.23647868
45057,SC,Lancaster,20.32981667
45059,SC,Laurens,21.65146419
45061,SC,Lee,5.764390538
45063,SC,Lexington,24.28500979
45065,SC,McCormick,3.225772322
45067,SC,Marion,8.814352989
45069,SC,Marlboro,15.8244029
45071,SC,Newberry,23.74352919
45073,SC,Oconee,14.25263965
45075,SC,Orangeburg,12.18663946
45077,SC,Pickens,28.00406054
45079,SC,Richland,26.70224095
45081,SC,Saluda,9.912682683
45083,SC,Spartanburg,31.53598412
45085,SC,Sumter,25.30123264
45087,SC,Union,9.118650063
45089,SC,Williamsburg,7.134493736
45091,SC,York,22.09262096
46003,SD,Aurora,74.40022547
46005,SD,Beadle,22.61961459
46007,SD,Bennett,96.7590566
46009,SD,Bon Homme,14.11669461
46011,SD,Brookings,39.62237957
46013,SD,Brown,31.128554
46015,SD,Brule,31.37709764
46017,SD,Buffalo,99.7216897
46019,SD,Butte,24.0816866
46021,SD,Campbell,93.35514541
46023,SD,Charles Mix,10.03626999
46025,SD,Clark,46.27931238
46027,SD,Clay,29.64698931
46029,SD,Codington,36.41221756
46031,SD,Corson,89.78688438
46033,SD,Custer,35.34178584
46035,SD,Davison,23.77078714
46037,SD,Day,48.87602995
46039,SD,Deuel,90.27664205
46041,SD,Dewey,38.39034001
46043,SD,Douglas,89.11335045
46045,SD,Edmunds,63.66041813
46047,SD,Fall River,37.20673742
46049,SD,Faulk,48.21984742
46051,SD,Grant,17.81550339
46053,SD,Gregory,28.41058429
46055,SD,Haakon,41.32684563
46057,SD,Hamlin,96.07460196
46059,SD,Hand,34.30745436
46061,SD,Hanson,17.87608191
46063,SD,Harding,99.99999963
46065,SD,Hughes,23.40637601
46067,SD,Hutchinson,8.841225146
46069,SD,Hyde,100
46071,SD,Jackson,63.00264033
46073,SD,Jerauld,100
46075,SD,Jones,99.99999981
46077,SD,Kingsbury,52.24304056
46079,SD,Lake,9.969145313
46081,SD,Lawrence,16.02108233
46083,SD,Lincoln,9.033120184
46085,SD,Lyman,83.58971233
46087,SD,McCook,32.39950136
46089,SD,McPherson,55.71420276
46091,SD,Marshall,50.40204783
46093,SD,Meade,33.93761055
46095,SD,Mellette,99.40225958
46097,SD,Miner,38.12750688
46099,SD,Minnehaha,18.46774228
46101,SD,Moody,76.72343861
46103,SD,Pennington,28.70247447
46105,SD,Perkins,49.32135409
46107,SD,Potter,100.0000001
46109,SD,Roberts,27.09638991
46111,SD,Sanborn,98.87176425
46113,SD,Shannon,79.34371073
46115,SD,Spink,43.5972276
46117,SD,Stanley,19.24542798
46119,SD,Sully,100
46121,SD,Todd,20.70628821
46123,SD,Tripp,26.76083464
46125,SD,Turner,2.287664721
46127,SD,Union,20.05032802
46129,SD,Walworth,28.69121571
46135,SD,Yankton,27.17123763
46137,SD,Ziebach,37.38276699
47001,TN,Anderson,29.84627138
47003,TN,Bedford,13.71090203
47005,TN,Benton,13.47158617
47007,TN,Bledsoe,3.07247548
47009,TN,Blount,34.42438698
47011,TN,Bradley,29.76577412
47013,TN,Campbell,19.13393148
47015,TN,Cannon,2.317469095
47017,TN,Carroll,8.707670638
47019,TN,Carter,41.29962627
47021,TN,Cheatham,1.115928212
47023,TN,Chester,12.98069016
47025,TN,Claiborne,21.28390077
47027,TN,Clay,0.137086345
47029,TN,Cocke,21.25418442
47031,TN,Coffee,17.19054268
47033,TN,Crockett,0.747149115
47035,TN,Cumberland,19.19198045
47037,TN,Davidson,21.91317099
47039,TN,Decatur,7.617387349
47041,TN,DeKalb,2.114516783
47043,TN,Dickson,12.8607256
47045,TN,Dyer,33.16043746
47047,TN,Fayette,5.814119966
47049,TN,Fentress,0.206730488
47051,TN,Franklin,19.85488316
47053,TN,Gibson,12.15838088
47055,TN,Giles,11.83672504
47057,TN,Grainger,0
47059,TN,Greene,9.428377297
47061,TN,Grundy,0.988281236
47063,TN,Hamblen,44.14379092
47065,TN,Hamilton,41.15666356
47067,TN,Hancock,0.975796623
47069,TN,Hardeman,27.40637739
47071,TN,Hardin,14.02459339
47073,TN,Hawkins,20.11777135
47075,TN,Haywood,15.93110905
47077,TN,Henderson,12.68907083
47079,TN,Henry,19.0529408
47081,TN,Hickman,11.24321027
47083,TN,Houston,2.542724041
47085,TN,Humphreys,6.508290577
47087,TN,Jackson,0.013780131
47089,TN,Jefferson,5.147831161
47091,TN,Johnson,12.47291861
47093,TN,Knox,36.51774024
47095,TN,Lake,0.187705579
47097,TN,Lauderdale,8.617952581
47099,TN,Lawrence,7.45230277
47101,TN,Lewis,3.475849559
47103,TN,Lincoln,14.7576722
47105,TN,Loudon,30.13410814
47107,TN,McMinn,13.05580746
47109,TN,McNairy,9.847836435
47111,TN,Macon,3.370551219
47113,TN,Madison,23.64595936
47115,TN,Marion,10.19619887
47117,TN,Marshall,12.19391104
47119,TN,Maury,18.60664633
47121,TN,Meigs,1.508531129
47123,TN,Monroe,4.310162094
47125,TN,Montgomery,33.41910811
47127,TN,Moore,33.72361524
47129,TN,Morgan,18.20323775
47131,TN,Obion,10.91713182
47133,TN,Overton,1.33445831
47135,TN,Perry,25.00038709
47137,TN,Pickett,0.76620544
47139,TN,Polk,0.293342339
47141,TN,Putnam,20.14402312
47143,TN,Rhea,9.941434896
47145,TN,Roane,25.73282804
47147,TN,Robertson,6.850212113
47149,TN,Rutherford,24.78274663
47151,TN,Scott,3.55113877
47153,TN,Sequatchie,0.063943295
47155,TN,Sevier,12.66615327
47157,TN,Shelby,29.45700384
47159,TN,Smith,1.428315014
47161,TN,Stewart,1.856268325
47163,TN,Sullivan,33.17873674
47165,TN,Sumner,29.87637095
47167,TN,Tipton,18.56418775
47171,TN,Unicoi,13.11562722
47173,TN,Union,2.025803368
47175,TN,Van Buren,0.708763297
47177,TN,Warren,8.317004946
47179,TN,Washington,21.95017532
47181,TN,Wayne,22.23289682
47183,TN,Weakley,11.79585463
47185,TN,White,9.578332407
47187,TN,Williamson,24.73453904
47189,TN,Wilson,22.2533498
48001,TX,Anderson,39.53477954
48003,TX,Andrews,33.9238162
48005,TX,Angelina,24.1178868
48007,TX,Aransas,38.28271646
48009,TX,Archer,23.7207022
48011,TX,Armstrong,99.7479208
48013,TX,Atascosa,20.93053735
48015,TX,Austin,11.4581878
48017,TX,Bailey,9.321722082
48019,TX,Bandera,34.94486782
48021,TX,Bastrop,28.8748736
48023,TX,Baylor,12.22885724
48025,TX,Bee,33.82001724
48027,TX,Bell,33.23949329
48029,TX,Bexar,26.33594441
48031,TX,Blanco,4.620966755
48033,TX,Borden,100
48035,TX,Bosque,9.677036987
48037,TX,Bowie,21.72945567
48039,TX,Brazoria,22.23975651
48041,TX,Brazos,26.97364072
48043,TX,Brewster,28.61941162
48045,TX,Briscoe,100.0000001
48047,TX,Brooks,16.32714688
48049,TX,Brown,36.29952363
48051,TX,Burleson,12.89109994
48053,TX,Burnet,33.17660557
48055,TX,Caldwell,15.17491192
48057,TX,Calhoun,36.16301453
48059,TX,Callahan,29.54794335
48061,TX,Cameron,24.6209433
48063,TX,Camp,10.05581898
48065,TX,Carson,19.99226569
48067,TX,Cass,6.955439079
48069,TX,Castro,11.9115559
48071,TX,Chambers,19.20946919
48073,TX,Cherokee,16.28445135
48075,TX,Childress,44.15210837
48077,TX,Clay,51.41216758
48079,TX,Cochran,21.17568413
48081,TX,Coke,99.97629203
48083,TX,Coleman,19.62615995
48085,TX,Collin,12.68382487
48087,TX,Collingsworth,7.358328039
48089,TX,Colorado,20.68035441
48091,TX,Comal,21.33193443
48093,TX,Comanche,15.33889724
48095,TX,Concho,26.72534093
48097,TX,Cooke,7.297667843
48099,TX,Coryell,43.59208806
48101,TX,Cottle,99.94135214
48103,TX,Crane,8.890448007
48105,TX,Crockett,7.641090395
48107,TX,Crosby,4.805601238
48109,TX,Culberson,7.762441134
48111,TX,Dallam,40.09040167
48113,TX,Dallas,16.62322476
48115,TX,Dawson,29.54572938
48117,TX,Deaf Smith,18.63656526
48119,TX,Delta,7.210911711
48121,TX,Denton,18.57490421
48123,TX,DeWitt,15.35426515
48125,TX,Dickens,19.84283624
48127,TX,Dimmit,38.98802259
48129,TX,Donley,15.60278768
48131,TX,Duval,34.4872333
48133,TX,Eastland,21.69785995
48135,TX,Ector,20.50491819
48137,TX,Edwards,31.8685539
48139,TX,Ellis,23.72952732
48141,TX,El Paso,17.92631954
48143,TX,Erath,36.14864981
48145,TX,Falls,13.84074552
48147,TX,Fannin,33.00633204
48149,TX,Fayette,22.56271642
48151,TX,Fisher,17.0230805
48153,TX,Floyd,6.404572216
48155,TX,Foard,100.0000004
48157,TX,Fort Bend,25.41268567
48159,TX,Franklin,7.014344136
48161,TX,Freestone,14.90116737
48163,TX,Frio,9.767570183
48165,TX,Gaines,3.213600462
48167,TX,Galveston,31.22586545
48169,TX,Garza,6.013705693
48171,TX,Gillespie,19.20938413
48173,TX,Glasscock,98.21762002
48175,TX,Goliad,36.80334236
48177,TX,Gonzales,25.55467983
48179,TX,Gray,20.04673813
48181,TX,Grayson,19.506941
48183,TX,Gregg,22.22965217
48185,TX,Grimes,40.03574604
48187,TX,Guadalupe,34.12163723
48189,TX,Hale,20.86400896
48191,TX,Hall,24.45472034
48193,TX,Hamilton,25.05699264
48195,TX,Hansford,88.77828265
48197,TX,Hardeman,29.75016711
48199,TX,Hardin,29.06505221
48201,TX,Harris,18.08857249
48203,TX,Harrison,13.69591267
48205,TX,Hartley,23.92075052
48207,TX,Haskell,25.27257771
48209,TX,Hays,16.50689872
48211,TX,Hemphill,10.59745629
48213,TX,Henderson,27.26426654
48215,TX,Hidalgo,34.73428347
48217,TX,Hill,5.675756885
48219,TX,Hockley,45.78007837
48221,TX,Hood,32.81717361
48223,TX,Hopkins,16.77241145
48225,TX,Houston,39.36044797
48227,TX,Howard,49.18210625
48229,TX,Hudspeth,99.62373465
48231,TX,Hunt,10.54772537
48233,TX,Hutchinson,29.18928393
48235,TX,Irion,99.97419983
48237,TX,Jack,47.48063175
48239,TX,Jackson,21.31684226
48241,TX,Jasper,17.88369478
48243,TX,Jeff Davis,29.42925018
48245,TX,Jefferson,23.14283633
48247,TX,Jim Hogg,26.71617128
48249,TX,Jim Wells,18.66295363
48251,TX,Johnson,22.19841179
48253,TX,Jones,21.4049251
48255,TX,Karnes,24.49599184
48257,TX,Kaufman,8.384683679
48259,TX,Kendall,12.91574586
48261,TX,Kenedy,97.16565876
48263,TX,Kent,97.19525905
48265,TX,Kerr,29.91456265
48267,TX,Kimble,25.02396684
48269,TX,King,99.99999961
48271,TX,Kinney,4.304453596
48273,TX,Kleberg,30.52671811
48275,TX,Knox,47.13617241
48277,TX,Lamar,29.35392279
48279,TX,Lamb,3.563505174
48281,TX,Lampasas,20.4022948
48283,TX,La Salle,57.8089977
48285,TX,Lavaca,14.26071881
48287,TX,Lee,6.343720376
48289,TX,Leon,13.08960446
48291,TX,Liberty,22.32622048
48293,TX,Limestone,19.05250491
48295,TX,Lipscomb,99.9995537
48297,TX,Live Oak,10.24399708
48299,TX,Llano,31.04130138
48301,TX,Loving,99.9999994
48303,TX,Lubbock,15.71388003
48305,TX,Lynn,33.86923005
48307,TX,McCulloch,32.68550247
48309,TX,McLennan,39.06464484
48311,TX,McMullen,98.00022159
48313,TX,Madison,27.8946327
48315,TX,Marion,7.825022827
48317,TX,Martin,21.42398762
48319,TX,Mason,21.18437306
48321,TX,Matagorda,37.78796161
48323,TX,Maverick,32.24903264
48325,TX,Medina,23.72044456
48327,TX,Menard,20.18120536
48329,TX,Midland,27.42115688
48331,TX,Milam,21.88516666
48333,TX,Mills,24.67764631
48335,TX,Mitchell,29.78648983
48337,TX,Montague,16.53229635
48339,TX,Montgomery,20.68463575
48341,TX,Moore,28.76251995
48343,TX,Morris,1.672160991
48345,TX,Motley,18.45374934
48347,TX,Nacogdoches,29.12957958
48349,TX,Navarro,24.73854787
48351,TX,Newton,26.55629824
48353,TX,Nolan,23.82197926
48355,TX,Nueces,32.58506206
48357,TX,Ochiltree,9.530323213
48359,TX,Oldham,100.0000003
48361,TX,Orange,25.40711441
48363,TX,Palo Pinto,37.81762715
48365,TX,Panola,22.14541661
48367,TX,Parker,17.56199592
48369,TX,Parmer,48.33651969
48371,TX,Pecos,19.16877314
48373,TX,Polk,20.17510249
48375,TX,Potter,20.94449837
48377,TX,Presidio,69.45389749
48381,TX,Randall,12.25916336
48383,TX,Reagan,6.366387954
48385,TX,Real,99.99999958
48387,TX,Red River,46.38197293
48389,TX,Reeves,22.05041284
48391,TX,Refugio,19.81038417
48393,TX,Roberts,90.76309168
48395,TX,Robertson,32.26260703
48397,TX,Rockwall,20.21905787
48399,TX,Runnels,27.41564257
48401,TX,Rusk,25.70505283
48403,TX,Sabine,15.88929898
48405,TX,San Augustine,4.50249492
48407,TX,San Jacinto,8.144462521
48409,TX,San Patricio,20.97179282
48411,TX,San Saba,30.5329736
48413,TX,Schleicher,10.53183251
48415,TX,Scurry,29.07575419
48417,TX,Shackelford,14.38465464
48419,TX,Shelby,13.9966767
48421,TX,Sherman,24.74861788
48423,TX,Smith,16.68057055
48425,TX,Somervell,0
48427,TX,Starr,44.95385477
48429,TX,Stephens,22.78369367
48431,TX,Sterling,100.0000004
48433,TX,Stonewall,14.86655026
48435,TX,Sutton,10.87039188
48437,TX,Swisher,18.35950602
48439,TX,Tarrant,25.63262158
48441,TX,Taylor,28.00027507
48443,TX,Terrell,99.99999981
48445,TX,Terry,37.17749527
48447,TX,Throckmorton,100.0000002
48449,TX,Titus,11.84102426
48451,TX,Tom Green,40.58947902
48453,TX,Travis,26.18894895
48455,TX,Trinity,3.040562687
48457,TX,Tyler,53.58062009
48459,TX,Upshur,11.84758936
48461,TX,Upton,33.41282183
48463,TX,Uvalde,43.4342543
48465,TX,Val Verde,40.1241303
48467,TX,Van Zandt,9.657455162
48469,TX,Victoria,28.07669917
48471,TX,Walker,33.64850574
48473,TX,Waller,15.02890819
48475,TX,Ward,10.73516396
48477,TX,Washington,9.516921465
48479,TX,Webb,22.474795
48481,TX,Wharton,15.58246348
48483,TX,Wheeler,11.46669442
48485,TX,Wichita,36.98982944
48487,TX,Wilbarger,27.29621009
48489,TX,Willacy,13.78729352
48491,TX,Williamson,33.69662526
48493,TX,Wilson,4.373064644
48495,TX,Winkler,0.882119192
48497,TX,Wise,5.951672799
48499,TX,Wood,7.678459758
48501,TX,Yoakum,19.82933069
48503,TX,Young,33.11051959
48505,TX,Zapata,43.2706604
48507,TX,Zavala,31.70358023
49001,UT,Beaver,14.35257304
49003,UT,Box Elder,20.19983295
49005,UT,Cache,33.51607384
49007,UT,Carbon,28.2294043
49009,UT,Daggett,99.99999911
49011,UT,Davis,30.83622995
49013,UT,Duchesne,27.66425488
49015,UT,Emery,4.047200529
49017,UT,Garfield,59.86654632
49019,UT,Grand,21.91317764
49021,UT,Iron,29.91056172
49023,UT,Juab,43.00404382
49025,UT,Kane,43.76036676
49027,UT,Millard,40.18354293
49029,UT,Morgan,0.409809265
49031,UT,Piute,100.0000002
49033,UT,Rich,99.9999995
49035,UT,Salt Lake,8.852497377
49037,UT,San Juan,57.06552111
49039,UT,Sanpete,9.049865485
49041,UT,Sevier,2.998641996
49043,UT,Summit,26.97741811
49045,UT,Tooele,33.65244954
49047,UT,Uintah,24.62463673
49049,UT,Utah,23.59332487
49051,UT,Wasatch,4.710306607
49053,UT,Washington,26.57343443
49055,UT,Wayne,36.32128203
49057,UT,Weber,25.2075634
50001,VT,Addison,2.356941181
50003,VT,Bennington,11.82416467
50005,VT,Caledonia,6.409907663
50007,VT,Chittenden,17.65705974
50009,VT,Essex,29.97863394
50011,VT,Franklin,4.451708305
50013,VT,Grand Isle,0.509965041
50015,VT,Lamoille,2.362205944
50017,VT,Orange,10.52855504
50019,VT,Orleans,14.00368782
50021,VT,Rutland,14.84758184
50023,VT,Washington,12.30025478
50025,VT,Windham,9.366974842
50027,VT,Windsor,8.439428038
51001,VA,Accomack,5.127053747
51003,VA,Albemarle,15.43766777
51005,VA,Alleghany,13.27735107
51007,VA,Amelia,16.46385993
51009,VA,Amherst,16.79234689
51011,VA,Appomattox,2.220026326
51013,VA,Arlington,2.160176104
51015,VA,Augusta,13.12977079
51017,VA,Bath,22.24413621
51019,VA,Bedford,9.801451473
51021,VA,Bland,19.15818635
51023,VA,Botetourt,34.99392807
51025,VA,Brunswick,20.10744923
51029,VA,Buckingham,8.419684715
51031,VA,Campbell,14.69142941
51033,VA,Caroline,4.795846612
51035,VA,Carroll,4.797179119
51036,VA,Charles City,2.298385625
51037,VA,Charlotte,33.69408237
51041,VA,Chesterfield,36.50006204
51043,VA,Clarke,1.266701738
51045,VA,Craig,11.23788904
51047,VA,Culpeper,5.639098936
51049,VA,Cumberland,55.1817734
51053,VA,Dinwiddie,27.4212192
51057,VA,Essex,23.4879295
51059,VA,Fairfax,19.00244333
51061,VA,Fauquier,12.58994631
51063,VA,Floyd,27.54180543
51065,VA,Fluvanna,24.83678048
51067,VA,Franklin,14.86847764
51069,VA,Frederick,20.74904738
51071,VA,Giles,0.884599354
51073,VA,Gloucester,10.2149197
51075,VA,Goochland,15.24743618
51077,VA,Grayson,18.1979917
51079,VA,Greene,0
51081,VA,Greensville,8.235753405
51083,VA,Halifax,23.44316362
51085,VA,Hanover,21.79278157
51087,VA,Henrico,20.88024596
51089,VA,Henry,16.97934753
51091,VA,Highland,100.0000005
51093,VA,Isle of Wight,16.44638652
51095,VA,James City,35.03956991
51097,VA,King and Queen,7.738902674
51101,VA,King William,10.92973688
51103,VA,Lancaster,3.227295217
51105,VA,Lee,0.072698814
51107,VA,Loudoun,12.96564528
51109,VA,Louisa,2.349261629
51111,VA,Lunenburg,0.057365011
51113,VA,Madison,2.823359877
51115,VA,Mathews,0
51117,VA,Mecklenburg,9.225597932
51119,VA,Middlesex,1.06741603
51121,VA,Montgomery,14.60436501
51125,VA,Nelson,7.227350957
51127,VA,New Kent,0
51131,VA,Northampton,1.670427317
51133,VA,Northumberland,9.327356231
51135,VA,Nottoway,56.31272247
51137,VA,Orange,25.16775174
51139,VA,Page,4.023314355
51141,VA,Patrick,9.422604729
51143,VA,Pittsylvania,15.66472433
51145,VA,Powhatan,9.632205168
51147,VA,Prince Edward,21.13932715
51149,VA,Prince George,31.08244075
51153,VA,Prince William,21.69106866
51155,VA,Pulaski,15.03348373
51157,VA,Rappahannock,74.78245184
51159,VA,Richmond,5.112629326
51161,VA,Roanoke,20.18970878
51163,VA,Rockbridge,20.18721782
51165,VA,Rockingham,21.77240998
51167,VA,Russell,5.307593323
51169,VA,Scott,10.59714876
51171,VA,Shenandoah,6.922240338
51173,VA,Smyth,12.15183135
51175,VA,Southampton,22.45941175
51177,VA,Spotsylvania,23.42873862
51179,VA,Stafford,25.7623793
51181,VA,Surry,29.91159368
51183,VA,Sussex,53.47256394
51185,VA,Tazewell,19.05851208
51187,VA,Warren,11.86827192
51191,VA,Washington,11.43289287
51193,VA,Westmoreland,5.8036023
51195,VA,Wise,8.337682305
51197,VA,Wythe,3.98803556
51199,VA,York,31.741051
51515,VA,Bedford,8.673395973
51520,VA,Bristol,27.15868639
51530,VA,Buena Vista,91.7735448
51540,VA,Charlottesville,7.343022643
51550,VA,Chesapeake,20.30158718
51570,VA,Colonial Heights,18.37177042
51580,VA,Covington,20.80684103
51590,VA,Danville,12.99908211
51595,VA,Emporia,0.944626971
51600,VA,Fairfax,2.676485062
51620,VA,Franklin,58.55429073
51630,VA,Fredericksburg,8.709297331
51640,VA,Galax,2.925987969
51650,VA,Hampton,29.98905026
51660,VA,Harrisonburg,2.646331554
51670,VA,Hopewell,36.44212774
51678,VA,Lexington,6.16515241
51680,VA,Lynchburg,16.58068651
51683,VA,Manassas,5.590494134
51685,VA,Manassas Park,37.27849796
51690,VA,Martinsville,22.80310088
51700,VA,Newport News,22.55357412
51710,VA,Norfolk,19.84905943
51720,VA,Norton,6.371987981
51730,VA,Petersburg,36.99332463
51735,VA,Poquoson,42.89478426
51740,VA,Portsmouth,17.1204236
51750,VA,Radford,15.84559687
51760,VA,Richmond,21.47661201
51770,VA,Roanoke,18.39848049
51775,VA,Salem,42.05700151
51790,VA,Staunton,5.696196617
51800,VA,Suffolk,21.58673833
51810,VA,Virginia Beach,16.39956594
51820,VA,Waynesboro,12.21276755
51830,VA,Williamsburg,15.73318916
51840,VA,Winchester,16.46353045
53001,WA,Adams,15.95592135
53003,WA,Asotin,18.86470634
53005,WA,Benton,18.55428462
53007,WA,Chelan,20.55644334
53009,WA,Clallam,24.03884661
53011,WA,Clark,20.5002945
53013,WA,Columbia,26.49538429
53015,WA,Cowlitz,22.53556599
53017,WA,Douglas,42.62048813
53019,WA,Ferry,48.59343809
53021,WA,Franklin,24.10595122
53023,WA,Garfield,99.58569312
53025,WA,Grant,21.74500457
53027,WA,Grays Harbor,32.51460324
53029,WA,Island,24.57020811
53031,WA,Jefferson,22.86597415
53033,WA,King,16.45486903
53035,WA,Kitsap,32.8028071
53037,WA,Kittitas,21.81463624
53039,WA,Klickitat,35.73173171
53041,WA,Lewis,23.38110922
53043,WA,Lincoln,56.72953225
53045,WA,Mason,8.695271333
53047,WA,Okanogan,17.65965144
53049,WA,Pacific,33.941696
53051,WA,Pend Oreille,33.87580155
53053,WA,Pierce,32.73121154
53055,WA,San Juan,0.240979131
53057,WA,Skagit,25.80206542
53059,WA,Skamania,4.293874458
53061,WA,Snohomish,23.10293825
53063,WA,Spokane,15.78690574
53065,WA,Stevens,29.73221136
53067,WA,Thurston,31.26315652
53069,WA,Wahkiakum,80.38431221
53071,WA,Walla Walla,20.73161597
53073,WA,Whatcom,28.37816108
53075,WA,Whitman,20.74156492
53077,WA,Yakima,13.32781883
54001,WV,Barbour,6.444377839
54003,WV,Berkeley,21.25373636
54005,WV,Boone,6.562625613
54007,WV,Braxton,19.07120854
54009,WV,Brooke,22.44708331
54011,WV,Cabell,13.41406981
54013,WV,Calhoun,15.33738059
54015,WV,Clay,18.43926062
54017,WV,Doddridge,4.445897035
54019,WV,Fayette,15.06664319
54021,WV,Gilmer,5.585501381
54023,WV,Grant,21.37288415
54025,WV,Greenbrier,18.30266822
54027,WV,Hampshire,34.51117148
54029,WV,Hancock,28.2870552
54031,WV,Hardy,33.79778751
54033,WV,Harrison,12.23936477
54035,WV,Jackson,11.17827843
54037,WV,Jefferson,4.388659852
54039,WV,Kanawha,24.27958625
54041,WV,Lewis,5.383564877
54043,WV,Lincoln,0.044457912
54045,WV,Logan,5.517759696
54047,WV,McDowell,1.137048641
54049,WV,Marion,15.5571607
54051,WV,Marshall,23.84702468
54053,WV,Mason,18.40092995
54055,WV,Mercer,20.09263112
54057,WV,Mineral,11.85043955
54059,WV,Mingo,5.176927295
54061,WV,Monongalia,21.42515319
54063,WV,Monroe,12.20901294
54065,WV,Morgan,19.34937364
54067,WV,Nicholas,6.542354029
54069,WV,Ohio,25.35150422
54071,WV,Pendleton,38.7972397
54073,WV,Pleasants,7.130367539
54075,WV,Pocahontas,45.05750991
54077,WV,Preston,22.35812857
54079,WV,Putnam,21.35910242
54081,WV,Raleigh,32.76360622
54083,WV,Randolph,8.874140597
54085,WV,Ritchie,11.50720401
54087,WV,Roane,15.95934939
54089,WV,Summers,11.35051821
54091,WV,Taylor,2.515657081
54093,WV,Tucker,3.46536157
54095,WV,Tyler,10.50198665
54097,WV,Upshur,6.470933535
54099,WV,Wayne,12.81116712
54101,WV,Webster,1.307794249
54103,WV,Wetzel,43.27193818
54105,WV,Wirt,0.330173457
54107,WV,Wood,21.29905299
54109,WV,Wyoming,8.324575571
55001,WI,Adams,9.324864796
55003,WI,Ashland,28.32802606
55005,WI,Barron,7.887224279
55007,WI,Bayfield,30.72517003
55009,WI,Brown,22.96753915
55011,WI,Buffalo,23.37743677
55013,WI,Burnett,8.151851996
55015,WI,Calumet,25.07283807
55017,WI,Chippewa,14.81731767
55019,WI,Clark,4.301765421
55021,WI,Columbia,6.208409091
55023,WI,Crawford,12.75512865
55025,WI,Dane,20.20720418
55027,WI,Dodge,12.89699606
55029,WI,Door,9.402462543
55031,WI,Douglas,31.66944744
55033,WI,Dunn,14.78007626
55035,WI,Eau Claire,22.86205837
55037,WI,Florence,11.92127117
55039,WI,Fond du Lac,21.04067796
55041,WI,Forest,37.57367281
55043,WI,Grant,11.29174919
55045,WI,Green,14.38960038
55047,WI,Green Lake,19.88896191
55049,WI,Iowa,20.30132874
55051,WI,Iron,19.21524886
55053,WI,Jackson,33.00708284
55055,WI,Jefferson,7.62079458
55057,WI,Juneau,21.2169108
55059,WI,Kenosha,24.24326207
55061,WI,Kewaunee,0.579114389
55063,WI,La Crosse,21.77493568
55065,WI,Lafayette,15.37969918
55067,WI,Langlade,30.15019382
55069,WI,Lincoln,12.99230709
55071,WI,Manitowoc,16.89898922
55073,WI,Marathon,22.50498352
55075,WI,Marinette,26.26209368
55077,WI,Marquette,1.73968705
55078,WI,Menominee,21.93560236
55079,WI,Milwaukee,8.890148396
55081,WI,Monroe,17.4091312
55083,WI,Oconto,11.32983014
55085,WI,Oneida,9.558315962
55087,WI,Outagamie,11.63697877
55089,WI,Ozaukee,29.52041163
55093,WI,Pierce,19.13071484
55095,WI,Polk,2.052873474
55097,WI,Portage,18.80167044
55099,WI,Price,11.53027476
55101,WI,Racine,30.51495698
55103,WI,Richland,20.40637106
55105,WI,Rock,28.90944422
55107,WI,Rusk,33.49441626
55109,WI,St. Croix,12.77849548
55111,WI,Sauk,5.734945708
55113,WI,Sawyer,19.78202455
55115,WI,Shawano,9.785877254
55117,WI,Sheboygan,9.305910368
55119,WI,Taylor,20.4207779
55121,WI,Trempealeau,1.158285886
55123,WI,Vernon,15.11869953
55125,WI,Vilas,6.452830972
55127,WI,Walworth,27.85103465
55129,WI,Washburn,17.73686523
55131,WI,Washington,18.98354146
55133,WI,Waukesha,35.76408895
55135,WI,Waupaca,11.85891431
55137,WI,Waushara,1.635833391
55139,WI,Winnebago,20.64468941
55141,WI,Wood,23.9927528
56001,WY,Albany,37.05266423
56003,WY,Big Horn,18.65292256
56005,WY,Campbell,23.32854595
56007,WY,Carbon,54.06980491
56009,WY,Converse,12.58076348
56011,WY,Crook,25.35051356
56013,WY,Fremont,13.13361521
56015,WY,Goshen,26.09774817
56017,WY,Hot Springs,8.190977473
56019,WY,Johnson,19.99743158
56021,WY,Laramie,34.79959643
56023,WY,Lincoln,13.68954179
56025,WY,Natrona,42.766203
56027,WY,Niobrara,21.92971787
56029,WY,Park,20.62829695
56031,WY,Platte,20.7550381
56033,WY,Sheridan,44.56883342
56035,WY,Sublette,18.96426097
56037,WY,Sweetwater,43.22407389
56039,WY,Teton,29.17437038
56041,WY,Uinta,22.18968488
56043,WY,Washakie,10.91540662
56045,WY,Weston,17.16519197
